id,first_name,last_name,email,gender,ip_address,city
1,Christos,Vassman,cvassman0@slate.com,Male,,
2,Adlai,Noah,anoah1@nydailynews.com,Male,249.155.232.83,Hinapalanan
3,Judd,Holdin,jholdin2@cocolog-nifty.com,Male,134.231.116.156,Buruanga
4,Georgine,Kayser,gkayser3@hugedomains.com,Female,100.177.208.173,Ängelholm
5,Claudette,Manford,cmanford4@multiply.com,Female,208.247.116.53,Dawang
6,Gradey,Hebborn,ghebborn5@jalbum.net,Male,24.165.174.55,Ciro Redondo
7,Salome,Merwood,smerwood6@ed.gov,Female,181.1.197.189,Nanlü
8,Emmet,Paladini,epaladini7@virginia.edu,Male,139.228.153.211,Arshaluys
9,Charo,Luckings,cluckings8@webs.com,Female,199.23.56.151,Yelets
10,Marcus,Cay,mcay9@tuttocitta.it,Male,152.171.62.81,Andapa
11,Marja,Barrie,mbarriea@prweb.com,Female,0.106.148.68,Sidrolândia
12,Ashlin,Stent,astentb@walmart.com,Male,101.116.92.128,Purorejo
13,Homere,De Rye Barrett,hderyebarrettc@phpbb.com,Male,58.165.154.212,Nanxindian
14,Pierson,Edington,pedingtond@dedecms.com,Male,223.112.162.108,Golacir
15,Bettina,Asple,basplee@spiegel.de,Female,152.50.179.165,Meybod
16,Nicola,Secretan,nsecretanf@themeforest.net,Female,21.26.177.178,Bibiani
17,Jasmine,Balassa,jbalassag@gizmodo.com,Female,160.100.187.160,Mâcon
18,Sarita,Keely,skeelyh@jugem.jp,Female,138.8.11.144,Dvin
19,Dominick,Kiehne,dkiehnei@uol.com.br,Male,,
20,Petey,Clissett,pclissettj@cargocollective.com,Male,110.218.112.151,Temuco
21,Clemens,Thomasson,cthomassonk@surveymonkey.com,Male,40.15.234.55,Guixi
22,Travers,Ellicock,tellicockl@hao123.com,Male,10.207.26.106,Paltamo
23,Norrie,Nolli,nnollim@taobao.com,Male,22.39.4.29,Tegalsari
24,Tracie,Talks,ttalksn@creativecommons.org,Male,66.133.124.12,Yandev
25,Eada,McVrone,emcvroneo@msn.com,Female,144.7.116.202,Mendoza
26,Arleyne,Legat,alegatp@ucsd.edu,Female,39.214.52.193,København
27,Aldus,Francey,afranceyq@bluehost.com,Male,149.222.94.204,Compostela
28,Haleigh,Feitosa,hfeitosar@de.vu,Female,162.121.191.55,Doumé
29,Cordie,Ravilious,craviliouss@google.cn,Male,123.173.161.152,Täby
30,Gunilla,Ohms,gohmst@dedecms.com,Female,,
31,Owen,Waldocke,owaldockeu@hc360.com,Male,8.245.112.22,Puerto Guzmán
32,Thain,MacNab,tmacnabv@examiner.com,Male,52.207.71.134,Hedao
33,Vernor,Braunston,vbraunstonw@eepurl.com,Male,29.252.204.38,Ulan Hua
34,Raoul,Grebbin,rgrebbinx@bluehost.com,Male,204.78.222.95,Shangganshan
35,Rafaelia,Battams,rbattamsy@guardian.co.uk,Female,28.218.47.76,Kure
36,Odell,Maddick,omaddickz@gmpg.org,Male,153.124.91.0,Gracias
37,Christian,Agostini,cagostini10@biglobe.ne.jp,Female,214.14.24.156,Huangtu
38,Damien,Toderi,dtoderi11@columbia.edu,Male,117.130.106.81,Bęczarka
39,Vanessa,Shilstone,vshilstone12@blogger.com,Female,118.215.130.105,Pingding
40,Dennet,Jeffers,djeffers13@google.ca,Male,154.126.34.165,Banjar Jambe Baleran
41,Tyne,Shepheard,tshepheard14@amazon.co.uk,Female,120.150.212.239,Batticaloa
42,Kleon,Calkin,kcalkin15@narod.ru,Male,164.21.173.185,Nusajaya
43,Kile,Melliard,kmelliard16@geocities.com,Male,95.104.247.189,Soanindrariny
44,Zeke,Bethune,zbethune17@about.me,Male,,
45,Celinda,Anyene,canyene18@who.int,Female,43.170.231.216,Baipu
46,Caria,MacKenney,cmackenney19@canalblog.com,Female,180.92.218.224,Krajan Bejagung
47,Kaye,Jerrolt,kjerrolt1a@cpanel.net,Female,220.0.194.122,Dromiskin
48,Sheppard,Harmson,sharmson1b@time.com,Male,,
49,Nicoli,Killingbeck,nkillingbeck1c@deliciousdays.com,Female,203.68.60.229,Kálymnos
50,Randall,Heater,rheater1d@fema.gov,Male,154.61.224.136,Těšetice
51,Langsdon,Claypool,lclaypool1e@ca.gov,Male,28.169.59.17,Governador Valadares
52,Skye,Etheredge,setheredge1f@sciencedaily.com,Male,17.161.190.210,Donan
53,Gill,Kervin,gkervin1g@quantcast.com,Male,41.36.148.79,Guangshan Chengguanzhen
54,Shelia,McElane,smcelane1h@fc2.com,Female,235.19.161.58,Rymanów
55,Misha,Orrum,morrum1i@unesco.org,Female,35.213.111.91,Uglegorsk
56,Justinn,Skipperbottom,jskipperbottom1j@fc2.com,Female,206.107.89.84,Itaituba
57,Merola,Manford,mmanford1k@yahoo.com,Female,82.112.49.152,Xiayang
58,Rafaela,Rodrigo,rrodrigo1l@cbc.ca,Female,228.52.240.232,Placer
59,Latrena,Haszard,lhaszard1m@multiply.com,Female,183.239.142.172,Pankrushikha
60,Shena,Shepheard,sshepheard1n@uol.com.br,Female,13.14.150.208,Nowlamary
61,Kahlil,Porch,kporch1o@biblegateway.com,Male,55.192.73.24,Rybarzowice
62,Rosemonde,Dodworth,rdodworth1p@flavors.me,Female,155.217.216.23,Wonosari
63,Court,McIlwraith,cmcilwraith1q@webeden.co.uk,Male,136.20.56.201,Kota Kinabalu
64,Madella,Draycott,mdraycott1r@cornell.edu,Female,,
65,Hermy,Dalby,hdalby1s@ucsd.edu,Male,214.38.138.236,Shuanggang
66,Axe,Layland,alayland1t@wufoo.com,Male,,
67,Zack,Puttergill,zputtergill1u@amazon.co.uk,Male,,
68,Roldan,Bosch,rbosch1v@slate.com,Male,15.108.19.24,Bonn
69,Hanan,Edgerton,hedgerton1w@jalbum.net,Male,53.169.87.28,Huddinge
70,Gaylor,Soppitt,gsoppitt1x@slate.com,Male,68.97.31.49,Cibunar
71,Marti,Aburrow,maburrow1y@nydailynews.com,Female,,
72,Daniella,McElree,dmcelree1z@quantcast.com,Female,35.213.104.99,Pare
73,Kinna,Speariett,kspeariett20@reverbnation.com,Female,54.140.65.129,Aveleda
74,Nichols,Mixer,nmixer21@si.edu,Male,225.33.12.48,Baie-Comeau
75,Tallie,Hinstock,thinstock22@behance.net,Male,158.142.32.79,Jinshanwei
76,Eryn,Jacobson,ejacobson23@jugem.jp,Female,204.21.84.138,Borlänge
77,Geraldine,Lainton,glainton24@dedecms.com,Female,195.111.71.2,Pasco
78,Brietta,McShea,bmcshea25@g.co,Female,,
79,Darbie,Hethron,dhethron26@nih.gov,Female,197.43.49.104,La Montañita
80,Vernor,Matic,vmatic27@ehow.com,Male,231.145.236.246,As Suwaydā’
81,Wyatt,Wass,wwass28@dailymotion.com,Male,,
82,Conny,Cornes,ccornes29@shareasale.com,Female,,
83,Sarette,Holyland,sholyland2a@google.co.uk,Female,111.254.16.141,Ambatolaona
84,Ramonda,Mort,rmort2b@ifeng.com,Female,184.124.153.204,Urrô
85,Marcel,Sackey,msackey2c@themeforest.net,Male,91.223.15.17,Daminggong
86,Jimmie,Arton,jarton2d@360.cn,Male,53.176.29.175,Rungis
87,Nikoletta,Vidgen,nvidgen2e@umich.edu,Female,45.19.117.192,Wau
88,Kimberley,Devany,kdevany2f@weather.com,Female,39.225.92.145,Langqi
89,Calv,Casey,ccasey2g@amazon.co.jp,Male,73.49.142.69,Banjar Danginsema
90,Sherwin,Ryam,sryam2h@bizjournals.com,Male,246.159.203.72,Klapagada
91,Padraig,MacAnespie,pmacanespie2i@dagondesign.com,Male,229.103.187.90,Karangcombong
92,Steffie,Deverock,sdeverock2j@biglobe.ne.jp,Female,233.138.191.37,Gweedore
93,Daile,Heddy,dheddy2k@admin.ch,Female,110.176.112.57,Pio Duran
94,Danya,Olorenshaw,dolorenshaw2l@acquirethisname.com,Male,195.20.178.20,San Juan de Colón
95,Hardy,MacAne,hmacane2m@naver.com,Male,71.132.202.168,Taihua
96,Derby,Kybird,dkybird2n@microsoft.com,Male,40.35.240.36,Sabana Iglesia
97,Alfy,MacPadene,amacpadene2o@google.fr,Female,119.221.244.239,Mayakovski
98,Horton,Shimon,hshimon2p@cdbaby.com,Male,45.45.254.208,Yakimovo
99,Maitilde,Garbert,mgarbert2q@adobe.com,Female,155.98.210.104,Tieling
100,Hermie,Wilce,hwilce2r@altervista.org,Male,151.147.93.75,Philadelphia
101,Christalle,Heliar,cheliar2s@yelp.com,Female,,
102,Tiertza,Reignolds,treignolds2t@sbwire.com,Female,66.179.36.4,Castanhal
103,Scottie,Gilmour,sgilmour2u@discovery.com,Male,159.181.215.111,Kétou
104,Vida,McMains,vmcmains2v@twitter.com,Female,210.101.81.18,Meru
105,Gelya,Magne,gmagne2w@ucoz.com,Female,131.85.180.192,Khōshāmand
106,Bailey,Hemerijk,bhemerijk2x@constantcontact.com,Male,172.79.157.57,Borehbangle
107,Lamond,Seaborn,lseaborn2y@bluehost.com,Male,85.235.233.117,Krajan Selatan
108,Lorne,Tommasetti,ltommasetti2z@goodreads.com,Female,231.29.173.236,Muhoroni
109,Jordan,Size,jsize30@so-net.ne.jp,Female,146.44.4.42,Kenamoen
110,Carr,Brighty,cbrighty31@shinystat.com,Male,57.223.37.229,Grenoble
111,Fletch,Tatteshall,ftatteshall32@smh.com.au,Male,219.198.148.134,Bouças
112,Alvira,Wyld,awyld33@mysql.com,Female,214.26.39.168,Lombog
113,Sydelle,Doudny,sdoudny34@illinois.edu,Female,215.162.129.111,Duli
114,Yehudit,Rosen,yrosen35@bravesites.com,Male,24.192.250.133,Tlutup
115,Sibyl,Raddon,sraddon36@surveymonkey.com,Female,174.6.130.229,Ansan-si
116,Ronny,Harrod,rharrod37@icq.com,Male,205.218.53.121,Beicheng
117,Ronnie,Corwin,rcorwin38@cbsnews.com,Male,85.184.185.55,Yuanbao
118,Antonina,A'field,aafield39@washington.edu,Female,,
119,Dougy,Rouby,drouby3a@themeforest.net,Male,133.190.108.178,Shangpai
120,Roxy,Marchi,rmarchi3b@deviantart.com,Female,177.121.149.196,Putrajaya
121,Arabella,Strongman,astrongman3c@imageshack.us,Female,139.93.220.49,Brezovica
122,Frazier,Brigden,fbrigden3d@virginia.edu,Male,140.95.208.123,Wuli
123,Gonzalo,MacMichael,gmacmichael3e@hc360.com,Male,71.235.43.0,Agriá
124,Libbey,Laxtonne,llaxtonne3f@walmart.com,Female,33.70.60.209,Tilik
125,Averill,McDougal,amcdougal3g@vimeo.com,Male,99.93.82.203,Lewograran
126,Caria,Handman,chandman3h@harvard.edu,Female,,
127,Kalie,Daventry,kdaventry3i@soup.io,Female,73.106.152.179,Wukang
128,Rhodie,Margrett,rmargrett3j@ftc.gov,Female,,
129,Borg,Gini,bgini3k@purevolume.com,Male,24.181.85.54,Paita
130,Dell,Rodder,drodder3l@usda.gov,Male,74.118.153.183,Jubao
131,Brittan,MacKeogh,bmackeogh3m@ehow.com,Female,254.172.134.76,Zhangdiyingzi
132,Gage,Brickhill,gbrickhill3n@reverbnation.com,Male,118.249.16.32,Syzran’
133,Cesya,Cohn,ccohn3o@admin.ch,Female,68.203.8.188,Čakovec
134,Stu,Shovel,sshovel3p@indiatimes.com,Male,54.174.175.206,Arcueil
135,Tomas,Fynes,tfynes3q@youtu.be,Male,47.185.251.219,Hejiaping
136,Cheri,Doherty,cdoherty3r@patch.com,Female,227.87.177.61,Marija Bistrica
137,Casey,Bradnocke,cbradnocke3s@nytimes.com,Female,18.205.178.129,Jifeng
138,Chantal,McQuaide,cmcquaide3t@marketwatch.com,Female,231.239.129.57,Sindangsari
139,Dalli,Tunnick,dtunnick3u@blinklist.com,Male,171.150.118.195,Hrušovany u Brna
140,Tristam,Martino,tmartino3v@tinyurl.com,Male,53.9.188.53,Amahusu
141,Ramonda,Beretta,rberetta3w@berkeley.edu,Female,62.90.48.93,Cértegui
142,Pris,Hoofe,phoofe3x@weibo.com,Female,144.207.55.187,Heshan
143,Violette,Jertz,vjertz3y@sfgate.com,Female,153.217.168.83,Macun
144,Solly,Folli,sfolli3z@whitehouse.gov,Male,12.255.28.91,Yushikalasu
145,Bartolomeo,Jordanson,bjordanson40@senate.gov,Male,85.32.203.178,Yuanshanzi
146,Marika,McCleverty,mmccleverty41@goo.ne.jp,Female,147.110.90.202,Pervomayskiy
147,Mattie,MacClure,mmacclure42@foxnews.com,Male,194.101.12.200,Sujiatuo
148,Raimundo,Summersett,rsummersett43@amazon.de,Male,33.99.80.211,Pavlovsk
149,Thelma,Walshaw,twalshaw44@nba.com,Female,87.6.148.110,Svecha
150,Katie,Maffucci,kmaffucci45@utexas.edu,Female,5.124.226.20,Edgeworthstown
151,Philipa,Willimott,pwillimott46@yelp.com,Female,128.115.71.28,Zhangqiang
152,Pepito,O'Keefe,pokeefe47@slashdot.org,Male,78.88.20.27,Visaginas
153,Kassandra,Baiss,kbaiss48@reddit.com,Female,84.196.249.65,Lambayong
154,Amanda,Fitzsymonds,afitzsymonds49@walmart.com,Female,231.88.1.21,Lianhe
155,Alejoa,Crossfield,acrossfield4a@thetimes.co.uk,Male,65.67.219.81,Padangpanjang
156,Raymond,Bosma,rbosma4b@stumbleupon.com,Male,,
157,Chip,Trudgion,ctrudgion4c@whitehouse.gov,Male,,
158,Chandal,Kobpa,ckobpa4d@hugedomains.com,Female,,
159,Gradeigh,Gorriessen,ggorriessen4e@multiply.com,Male,163.135.227.23,Furong
160,Alphonse,Ragless,aragless4f@geocities.com,Male,15.187.74.153,Ipaba
161,Yul,Dagger,ydagger4g@intel.com,Male,95.78.217.6,Bang Kaeo
162,Giraldo,De Gowe,gdegowe4h@so-net.ne.jp,Male,96.180.161.219,Rajadesa
163,Kimberli,Blasl,kblasl4i@delicious.com,Female,149.0.63.1,Meia Via
164,Yancy,Steagall,ysteagall4j@berkeley.edu,Male,39.193.251.220,Pindamonhangaba
165,Kylie,Saw,ksaw4k@disqus.com,Male,151.118.50.148,Dijon
166,Florrie,Monshall,fmonshall4l@fema.gov,Female,,
167,Aron,Westoff,awestoff4m@newsvine.com,Male,,
168,Mariel,Herreran,mherreran4n@instagram.com,Female,137.17.42.230,Modakeke
169,Karoly,MacCostye,kmaccostye4o@cbsnews.com,Male,71.99.12.64,Cikandang
170,Valentia,Van Rembrandt,vvanrembrandt4p@typepad.com,Female,96.255.213.32,Longonjo
171,Mikaela,Fulham,mfulham4q@washingtonpost.com,Female,14.139.27.35,Jinshanpu
172,Audrie,Ros,aros4r@imdb.com,Female,107.107.141.197,Sadang Kulon
173,Boy,Sleith,bsleith4s@oakley.com,Male,249.214.208.121,Waoundé
174,Melisent,Sayer,msayer4t@oakley.com,Female,26.16.2.223,Ar Ramāḑīn
175,Felecia,Plenty,fplenty4u@edublogs.org,Female,45.178.111.223,Carlton
176,Herman,Denes,hdenes4v@nps.gov,Male,238.212.61.239,Nishor
177,Brandyn,Spray,bspray4w@fc2.com,Male,,
178,Gabe,Marchiso,gmarchiso4x@constantcontact.com,Male,177.123.159.5,Garango
179,Ewell,Fishburn,efishburn4y@sohu.com,Male,224.128.172.243,Independencia
180,Devlin,Stigell,dstigell4z@oaic.gov.au,Male,170.161.238.175,Mlaka pri Kranju
181,Kipp,Gecks,kgecks50@seattletimes.com,Male,109.66.20.56,Jinjiang
182,Josy,Juden,jjuden51@sakura.ne.jp,Female,87.53.1.159,Cariaco
183,Sisile,O'Codihie,socodihie52@nydailynews.com,Female,42.203.211.140,Baoshan
184,Cheslie,Arington,carington53@123-reg.co.uk,Female,161.19.210.204,Mont-de-Marsan
185,Federico,Gronow,fgronow54@seattletimes.com,Male,172.26.28.115,Padabeunghar
186,Dickie,Ventham,dventham55@wordpress.com,Male,50.148.230.111,Wuxue Shi
187,Merell,Smethurst,msmethurst56@wunderground.com,Male,142.96.146.55,Portelinha
188,Katharyn,Lennard,klennard57@blinklist.com,Female,158.187.184.37,Saddina
189,Albie,Wicklen,awicklen58@shareasale.com,Male,190.125.79.69,Marseille
190,Dodie,Raatz,draatz59@wordpress.com,Female,22.226.4.215,Torbeyevo
191,Hunfredo,Orfeur,horfeur5a@about.me,Male,69.105.109.221,Mandala
192,Dwain,Silkston,dsilkston5b@google.ca,Male,,
193,Alida,Pettifer,apettifer5c@princeton.edu,Female,247.79.24.32,Yege
194,Jasen,Overal,joveral5d@w3.org,Male,,
195,Hildagard,Saur,hsaur5e@ihg.com,Female,209.201.65.19,Baoxing
196,Giacopo,Juszkiewicz,gjuszkiewicz5f@usda.gov,Male,,
197,Marybelle,Roux,mroux5g@engadget.com,Female,166.30.160.59,Mtsensk
198,Cahra,Mixhel,cmixhel5h@google.fr,Female,97.28.128.106,Demyansk
199,Letta,Bust,lbust5i@samsung.com,Female,35.205.51.77,Norfolk
200,Ynes,Trill,ytrill5j@abc.net.au,Female,45.197.198.164,Taozixi
201,Rosalie,Ilyinski,rilyinski5k@youtu.be,Female,224.195.166.206,Mazatenango
202,Thibaud,Attwoul,tattwoul5l@hhs.gov,Male,79.139.248.115,Göteborg
203,Jourdan,McClay,jmcclay5m@wufoo.com,Female,130.100.0.116,Macari
204,Petey,Darter,pdarter5n@wired.com,Male,,
205,Dale,Hele,dhele5o@stanford.edu,Male,45.34.118.231,Sergelen
206,Merrielle,Evitts,mevitts5p@nyu.edu,Female,198.0.54.62,Balun
207,Suzie,Keepence,skeepence5q@etsy.com,Female,210.225.134.187,Shuyuan
208,Harmonie,Gerlts,hgerlts5r@t-online.de,Female,,
209,May,Tuftin,mtuftin5s@lycos.com,Female,69.202.123.164,Nuevo Amanecer
210,Anabella,Claridge,aclaridge5t@opensource.org,Female,219.27.109.206,Datagon
211,Louis,Barrabeale,lbarrabeale5u@jalbum.net,Male,5.109.127.100,Maracanã
212,Sheffield,Rome,srome5v@weather.com,Male,72.237.29.78,Kashin
213,Danit,Benitti,dbenitti5w@zimbio.com,Female,,
214,Ibby,Haresnape,iharesnape5x@weibo.com,Female,201.11.139.33,Aniva
215,Alvis,Kilfether,akilfether5y@sciencedirect.com,Male,38.15.201.130,Botshabelo
216,Alida,Swiggs,aswiggs5z@booking.com,Female,94.132.59.219,Halmstad
217,Stefa,Oxtarby,soxtarby60@stanford.edu,Female,,
218,Ase,Meachem,ameachem61@ameblo.jp,Male,172.201.93.136,Kastornoye
219,Gregg,Souter,gsouter62@posterous.com,Male,51.7.69.53,São Roque
220,Tremaine,Basler,tbasler63@qq.com,Male,54.9.170.144,Anibare
221,Casey,Lasty,clasty64@phpbb.com,Male,143.175.170.123,Dalang
222,Jorgan,Vasler,jvasler65@wix.com,Male,60.179.246.221,Namangan Shahri
223,Carree,Jeanenet,cjeanenet66@indiegogo.com,Female,88.81.207.75,Ilesa
224,Gifford,Mordin,gmordin67@guardian.co.uk,Male,239.29.165.123,Churovichi
225,Melissa,Cardenosa,mcardenosa68@cbc.ca,Female,206.167.161.111,Sungaigerong
226,Dottie,Van Bruggen,dvanbruggen69@foxnews.com,Female,66.126.68.176,Daduo
227,Annnora,Myner,amyner6a@is.gd,Female,82.201.213.73,Roskoshnyy
228,Margot,Georgiades,mgeorgiades6b@blogs.com,Female,239.100.173.104,Carcassonne
229,Estell,Izaks,eizaks6c@diigo.com,Female,118.198.248.57,Veternik
230,Dar,Skittle,dskittle6d@privacy.gov.au,Male,203.212.39.202,Zhanqian
231,Herc,McPheat,hmcpheat6e@histats.com,Male,13.252.208.37,Paombong
232,Davidson,Kindread,dkindread6f@wsj.com,Male,255.206.23.35,Lin’an
233,Antone,Jaulmes,ajaulmes6g@yelp.com,Male,42.54.205.54,Pampa Hermosa
234,Christalle,Kleinberer,ckleinberer6h@livejournal.com,Female,57.25.114.174,Babahoyo
235,Bartolemo,Devigne,bdevigne6i@sfgate.com,Male,35.222.145.236,Facatativá
236,Ermanno,Juschka,ejuschka6j@mozilla.org,Male,229.192.174.2,Gandra
237,Cyrus,Pritty,cpritty6k@sbwire.com,Male,20.150.232.61,Yuracyacu
238,Herschel,Shallo,hshallo6l@craigslist.org,Male,225.250.4.123,Surkhakhi
239,Ethan,Mapstone,emapstone6m@google.ru,Male,59.192.137.198,Yingcui
240,Elie,Wickardt,ewickardt6n@livejournal.com,Female,242.140.91.103,Anchorage
241,Huey,Terbeek,hterbeek6o@ebay.com,Male,71.67.197.234,Huddinge
242,Tamiko,D'Ambrogio,tdambrogio6p@buzzfeed.com,Female,53.54.164.31,Vicuña
243,Luis,Boswell,lboswell6q@barnesandnoble.com,Male,44.243.161.58,Dieppe
244,Markos,Kurdani,mkurdani6r@virginia.edu,Male,7.236.191.253,Maastricht
245,Marabel,Dansken,mdansken6s@stumbleupon.com,Female,108.7.222.28,Ban Nong Wua So
246,Nicolea,Tuffley,ntuffley6t@bing.com,Female,138.122.65.136,Villa Santa Rita
247,Gordan,Henken,ghenken6u@parallels.com,Male,97.122.8.165,Xinshan
248,Kenyon,Sandison,ksandison6v@addtoany.com,Male,220.196.73.119,Shuiyang
249,Dyane,Oxnam,doxnam6w@webmd.com,Female,129.40.42.62,Changbao
250,Nollie,Djurevic,ndjurevic6x@google.cn,Male,34.101.38.246,Energetik
251,Mela,Dominka,mdominka6y@jigsy.com,Female,55.250.133.81,Moreira de Geraz do Lima
252,Payton,Avrahamian,pavrahamian6z@xinhuanet.com,Male,13.80.129.111,Datarkadu
253,Cristine,Jemison,cjemison70@yelp.com,Female,,
254,Hertha,Brizell,hbrizell71@nymag.com,Female,106.48.213.111,Stykkishólmur
255,Gabriello,Wathen,gwathen72@noaa.gov,Male,,
256,Rodger,Lochhead,rlochhead73@prlog.org,Male,134.147.194.165,Sena Madureira
257,Caddric,Digg,cdigg74@google.pl,Male,142.165.186.84,Binlod
258,Nomi,Garton,ngarton75@utexas.edu,Female,118.223.91.48,Martingança
259,Tressa,Fidilis,tfidilis76@unicef.org,Female,142.173.74.214,Fraga
260,Micheline,Crinidge,mcrinidge77@wikia.com,Female,23.198.103.5,Capas
261,Harold,Leathe,hleathe78@ustream.tv,Male,180.57.153.22,Opuwo
262,Wilmette,Swansborough,wswansborough79@wix.com,Female,7.229.22.192,Bondoboghila
263,Colleen,Kellick,ckellick7a@gov.uk,Female,99.87.192.104,Paranho
264,Myrwyn,Sinderson,msinderson7b@yolasite.com,Male,42.243.135.16,Tuguan
265,Annice,Sorrell,asorrell7c@blogger.com,Female,180.130.244.90,Hudson Bay
266,Forbes,Denyakin,fdenyakin7d@over-blog.com,Male,98.162.46.190,Novotitarovskaya
267,Klarika,Dennison,kdennison7e@printfriendly.com,Female,22.96.62.6,Dolní Sloupnice
268,Petunia,Grieve,pgrieve7f@tripadvisor.com,Female,228.54.194.15,Fleury-les-Aubrais
269,Morris,Clemanceau,mclemanceau7g@geocities.jp,Male,107.183.78.253,Phra Nakhon Si Ayutthaya
270,Jarrid,Dwine,jdwine7h@nymag.com,Male,219.98.241.182,Kohlu
271,Fabian,Corzon,fcorzon7i@gnu.org,Male,192.151.53.101,Artsvanist
272,Roxy,Twelvetree,rtwelvetree7j@examiner.com,Female,,
273,Karola,Waud,kwaud7k@canalblog.com,Female,113.223.171.102,Tipo-Tipo
274,Janis,Wedderburn,jwedderburn7l@jugem.jp,Female,69.226.207.15,Bukuru
275,Dunn,Bodman,dbodman7m@webs.com,Male,17.71.245.232,Huicungo
276,Thaine,Rawdales,trawdales7n@stumbleupon.com,Male,143.143.87.179,Daya
277,Collen,Cominoli,ccominoli7o@usda.gov,Female,85.47.232.142,Bahaodi
278,Kit,Avraam,kavraam7p@cisco.com,Male,241.101.253.123,Jeblog Satu
279,Joscelin,McCrisken,jmccrisken7q@i2i.jp,Female,223.136.192.232,Loakulu
280,Maressa,Hurley,mhurley7r@surveymonkey.com,Female,201.3.107.216,Saky
281,Mike,Graham,mgraham7s@usa.gov,Male,42.31.8.42,Zīrakī
282,Roch,Leopard,rleopard7t@geocities.jp,Female,141.32.187.236,Jitan
283,Maximo,Gasker,mgasker7u@tiny.cc,Male,68.155.170.43,Datian
284,Flore,Dahlborg,fdahlborg7v@google.nl,Female,150.107.3.198,Huasta
285,Massimiliano,Wrightham,mwrightham7w@slideshare.net,Male,183.47.92.207,Xujiahe
286,Jamal,Van der Veldt,jvanderveldt7x@jalbum.net,Male,90.68.137.47,Kuala Terengganu
287,Debora,Pessold,dpessold7y@studiopress.com,Female,37.121.204.7,Xiaoshun
288,Theodore,Charrisson,tcharrisson7z@vistaprint.com,Male,195.250.154.36,Dorowa Mining Lease
289,Duncan,O'Cullinane,docullinane80@creativecommons.org,Male,90.97.164.224,Chengbei
290,Shaine,Burman,sburman81@indiatimes.com,Female,16.0.100.58,Mauá
291,Anselm,Desvignes,adesvignes82@google.nl,Male,115.228.9.195,Pelaya
292,Nettle,Archambault,narchambault83@vistaprint.com,Female,245.90.91.59,Karamat
293,Bonita,Blacker,bblacker84@zdnet.com,Female,164.92.111.141,Chon Buri
294,Caril,Mizzi,cmizzi85@networkadvertising.org,Female,,
295,Dulsea,Rusbridge,drusbridge86@mit.edu,Female,,
296,Calida,Meriott,cmeriott87@tinyurl.com,Female,,
297,Dame,Beddows,dbeddows88@sciencedirect.com,Male,,
298,Roberto,Dauby,rdauby89@examiner.com,Male,197.187.126.193,Villeneuve-d'Ascq
299,Diena,Bruinemann,dbruinemann8a@about.com,Female,19.11.167.122,Międzyzdroje
300,Aldon,Ewins,aewins8b@army.mil,Male,155.185.36.149,Taipingguan
301,Richmond,Landell,rlandell8c@umich.edu,Male,25.171.38.218,Laholm
302,Hilary,Raiment,hraiment8d@xing.com,Female,86.33.161.78,Kosmach
303,Ainslie,McMonnies,amcmonnies8e@earthlink.net,Female,177.74.92.247,Goundi
304,Nettle,Jarrell,njarrell8f@xinhuanet.com,Female,117.197.158.91,Tuchlovice
305,Tatiania,Kuhnwald,tkuhnwald8g@msu.edu,Female,149.243.91.138,Yogyakarta
306,Linette,Tremethack,ltremethack8h@wikimedia.org,Female,17.17.98.55,Ferkessédougou
307,Jinny,Arnli,jarnli8i@va.gov,Female,68.66.83.129,Tomado
308,Mirella,Starkie,mstarkie8j@google.com.hk,Female,161.251.110.31,Kant
309,Sidnee,Piddick,spiddick8k@toplist.cz,Male,191.227.17.127,Saga
310,Kathe,Trevear,ktrevear8l@forbes.com,Female,66.50.164.31,Illintsi
311,Jesus,Perham,jperham8m@tuttocitta.it,Male,32.162.27.15,Cipaku
312,Benedikt,Amiable,bamiable8n@ucoz.ru,Male,111.6.54.72,Uppsala
313,Zachariah,McKevitt,zmckevitt8o@wufoo.com,Male,146.119.29.173,Tampocon
314,Jess,Mortlock,jmortlock8p@yolasite.com,Male,,
315,Robbert,Heales,rheales8q@opensource.org,Male,161.161.66.240,Fengdian
316,Aarika,Fawdery,afawdery8r@fastcompany.com,Female,89.15.126.166,Donnacona
317,Andie,Wisher,awisher8s@columbia.edu,Female,192.186.12.87,Xinqiao
318,Karia,Gregoretti,kgregoretti8t@friendfeed.com,Female,249.23.182.103,Selínia
319,Thoma,Blondell,tblondell8u@infoseek.co.jp,Male,47.165.111.122,Besuki
320,Merrily,Lewton,mlewton8v@mysql.com,Female,1.104.25.12,Taipei
321,Jeanelle,Delahunty,jdelahunty8w@google.nl,Female,175.32.211.172,Xidianzi
322,Fonz,Franciottoi,ffranciottoi8x@seattletimes.com,Male,186.163.57.113,Gllogjan
323,Noelle,Isgate,nisgate8y@cyberchimps.com,Female,228.25.224.3,Tieba
324,Dolf,Turbefield,dturbefield8z@miibeian.gov.cn,Male,158.9.197.75,Ladoang
325,Clifford,Goodale,cgoodale90@blog.com,Male,173.148.226.153,Soukkouma
326,Latashia,Bonnavant,lbonnavant91@lycos.com,Female,,
327,Linnea,Demaine,ldemaine92@theatlantic.com,Female,182.61.187.206,Ciladaeun
328,Joleen,Rozea,jrozea93@answers.com,Female,171.234.201.108,Novo Horizonte
329,Violet,Copcote,vcopcote94@techcrunch.com,Female,181.175.80.107,Yili
330,Quentin,Book,qbook95@ca.gov,Male,231.181.213.198,Sepolong Timur
331,Virgie,Grimmert,vgrimmert96@about.me,Male,22.61.13.127,Chicago
332,Emlyn,Lanchester,elanchester97@e-recht24.de,Female,,
333,Garald,Vanichev,gvanichev98@ustream.tv,Male,,
334,Wald,Tick,wtick99@sun.com,Male,249.33.167.28,Šoštanj
335,Claudianus,Le Hucquet,clehucquet9a@technorati.com,Male,50.7.241.75,Sigou
336,Bari,Soames,bsoames9b@yolasite.com,Female,246.113.194.105,Kolchikón
337,Arri,Jenno,ajenno9c@xing.com,Male,,
338,Nisse,Dundendale,ndundendale9d@google.ca,Female,245.231.189.32,Langádhia
339,Taylor,Bramford,tbramford9e@un.org,Male,205.145.154.150,Ubiaja
340,Miller,Knowlman,mknowlman9f@alibaba.com,Male,104.40.90.135,Vitarte
341,Noe,Shepeard,nshepeard9g@bizjournals.com,Male,180.216.90.101,San Carlos de Bariloche
342,Bobbye,De Atta,bdeatta9h@reuters.com,Female,174.183.46.140,Yangxipu
343,Anya,Pay,apay9i@cyberchimps.com,Female,41.221.207.98,Unquillo
344,Karyl,Durant,kdurant9j@yellowpages.com,Female,127.214.1.83,Feijó
345,Rodge,Penswick,rpenswick9k@wp.com,Male,80.152.218.246,Chirongui
346,Marleen,Bendare,mbendare9l@is.gd,Female,253.174.218.101,Tangga
347,Cindi,Blunkett,cblunkett9m@sakura.ne.jp,Female,213.237.109.182,Raposos
348,Allene,Faunch,afaunch9n@cyberchimps.com,Female,201.194.176.222,Vitarte
349,Ruthie,Kenway,rkenway9o@cnet.com,Female,55.215.237.78,Skrzydlna
350,Deva,Greguoli,dgreguoli9p@biglobe.ne.jp,Female,16.124.206.26,Saue
351,Dianna,Greatham,dgreatham9q@dailymotion.com,Female,66.203.254.63,Tantamayo
352,Granger,Meneer,gmeneer9r@sogou.com,Male,217.127.192.57,Saint-Chamond
353,Jacquette,Larkworthy,jlarkworthy9s@topsy.com,Female,58.119.52.13,Nałęczów
354,Andrew,MacCarroll,amaccarroll9t@upenn.edu,Male,199.255.133.99,Taraan
355,Shirlene,Tanner,stanner9u@sphinn.com,Female,61.57.134.75,Jammāl
356,Karilynn,Looker,klooker9v@seattletimes.com,Female,,
357,Dora,Swann,dswann9w@hatena.ne.jp,Female,159.143.10.198,Trondheim
358,Eliza,Woodeson,ewoodeson9x@europa.eu,Female,127.239.153.203,Sanjia
359,Tresa,Eatttok,teatttok9y@house.gov,Female,165.186.47.50,Congkar
360,Teodoro,Duffus,tduffus9z@princeton.edu,Male,152.84.42.191,Penitik
361,Aggi,Gurden,agurdena0@who.int,Female,210.105.10.145,Hengqu
362,Grenville,Ralton,graltona1@is.gd,Male,,
363,Rik,Mugleston,rmuglestona2@lulu.com,Male,134.254.176.176,Debre Mark’os
364,Brendin,Logesdale,blogesdalea3@dell.com,Male,115.236.119.147,Jaba‘
365,Erhard,Nezey,enezeya4@nymag.com,Male,100.177.192.51,Vecumnieki
366,Caressa,Steet,csteeta5@yelp.com,Female,,
367,Darlene,McCorkell,dmccorkella6@blogs.com,Female,248.173.57.200,Golacir
368,Tersina,Mora,tmoraa7@europa.eu,Female,15.117.142.16,Guaratuba
369,Fields,Reidshaw,freidshawa8@mozilla.com,Male,11.242.191.164,Masons Bay
370,Ashley,Fendt,afendta9@phoca.cz,Male,254.68.136.194,Consolación del Sur
371,Rutherford,Yuryshev,ryuryshevaa@ibm.com,Male,,
372,Edouard,Griffoen,egriffoenab@bloglines.com,Male,105.212.225.218,Xiamujiao
373,Kyle,Woodington,kwoodingtonac@reddit.com,Male,235.251.62.189,Soutinho
374,Verna,Joskovitch,vjoskovitchad@exblog.jp,Female,3.128.95.166,Shuangjie
375,Leda,Knapp,lknappae@google.ru,Female,167.158.168.132,Varser
376,Margaret,Hertwell,mhertwellaf@wikia.com,Female,215.166.63.21,Zelenograd
377,Ethel,Degue,edegueag@google.ca,Female,84.146.250.112,Huaminglou
378,Mariana,Ferronel,mferronelah@goodreads.com,Female,18.74.80.121,Dongqu
379,Jade,Sellan,jsellanai@digg.com,Female,177.194.217.113,Shifang
380,Doretta,Wattam,dwattamaj@bandcamp.com,Female,62.193.99.184,Alkmaar
381,Clareta,Wahlberg,cwahlbergak@dagondesign.com,Female,22.109.166.121,Corbeil-Essonnes
382,Mariam,Steeden,msteedenal@nih.gov,Female,114.93.224.237,Chambéry
383,Henrik,Danielczyk,hdanielczykam@state.gov,Male,8.217.107.222,Shuangcheng
384,Felicio,McTerry,fmcterryan@alibaba.com,Male,231.155.22.129,Shuiquan
385,Hetti,Custy,hcustyao@dell.com,Female,110.10.0.66,Áyioi Apóstoloi
386,Rubia,Winscom,rwinscomap@hugedomains.com,Female,116.160.252.8,Nueva Arica
387,Reamonn,Puttergill,rputtergillaq@auda.org.au,Male,154.165.242.235,Novaya Usman’
388,Paloma,Shinfield,pshinfieldar@china.com.cn,Female,237.18.123.234,El Paso
389,Kira,Bantock,kbantockas@utexas.edu,Female,165.2.12.162,Sobreira
390,Batholomew,Tattershall,btattershallat@archive.org,Male,,
391,Pavel,Russon,prussonau@state.tx.us,Male,10.233.29.13,Chantal
392,Cash,Dinjes,cdinjesav@ibm.com,Male,,
393,Thornton,Marcam,tmarcamaw@sakura.ne.jp,Male,30.77.217.84,Bohdalov
394,Margarethe,Paget,mpagetax@cdc.gov,Female,80.198.250.50,Podebłocie
395,Astrix,Brambley,abrambleyay@51.la,Female,,
396,Zackariah,Cason,zcasonaz@istockphoto.com,Male,215.129.135.111,Liujiagou
397,Elizabet,Marshalleck,emarshalleckb0@php.net,Female,221.167.125.238,Linköping
398,Haskel,D'Emanuele,hdemanueleb1@slashdot.org,Male,221.86.18.185,Dongshui
399,Barbabra,O'Bruen,bobruenb2@odnoklassniki.ru,Female,44.227.91.254,Manique
400,Licha,Dimitriades,ldimitriadesb3@fotki.com,Female,215.39.80.23,Jishui
401,Eduard,Normaville,enormavilleb4@wisc.edu,Male,,
402,Madelyn,Caisley,mcaisleyb5@jiathis.com,Female,34.127.154.222,Francisco Morato
403,Agnese,Gantley,agantleyb6@soup.io,Female,174.30.10.11,Sakhipur
404,Cleopatra,Wimbush,cwimbushb7@ning.com,Female,,
405,Judd,Treace,jtreaceb8@barnesandnoble.com,Male,162.46.127.218,København
406,Janaye,Paulat,jpaulatb9@discovery.com,Female,173.109.76.198,Haligue
407,Waite,Bollard,wbollardba@google.de,Male,34.169.169.0,Vladivostok
408,Margret,Kase,mkasebb@furl.net,Female,120.2.56.118,Castanheiro do Sul
409,Prescott,Ugoni,pugonibc@twitpic.com,Male,198.198.128.153,Nakhon Nayok
410,Arman,Reckhouse,areckhousebd@unblog.fr,Male,63.123.118.80,Licheń Stary
411,Daryle,Richel,drichelbe@gravatar.com,Male,138.131.39.180,Keelung
412,Corabella,Fawdrie,cfawdriebf@cbsnews.com,Female,31.22.46.93,Cikadongdong
413,Kim,McConnal,kmcconnalbg@is.gd,Female,154.30.86.11,Gary
414,Devy,Figge,dfiggebh@t.co,Male,64.17.170.128,Yebaishou
415,Christos,Kunc,ckuncbi@hugedomains.com,Male,183.78.137.29,Duwakkandung
416,Angelika,Dougher,adougherbj@sciencedaily.com,Female,11.172.81.113,Corujeira
417,Derrik,Ilyas,dilyasbk@topsy.com,Male,38.46.54.58,Al Manzilah
418,Sallee,McCowan,smccowanbl@hud.gov,Female,79.208.67.112,Volgograd
419,Margret,Dolder,mdolderbm@howstuffworks.com,Female,228.118.106.142,Yangzhuang
420,Roxi,Fidelus,rfidelusbn@vk.com,Female,144.49.208.191,Buk
421,Evangelia,Gobolos,egobolosbo@sfgate.com,Female,5.162.41.74,Paris 13
422,Norbert,Conquer,nconquerbp@constantcontact.com,Male,80.100.21.144,Paoua
423,Morgun,Crowley,mcrowleybq@jiathis.com,Male,121.162.78.155,Sanshui
424,Johannes,Sharer,jsharerbr@webeden.co.uk,Male,110.198.242.134,Kansas City
425,Cassi,Sabben,csabbenbs@blogspot.com,Female,70.225.176.220,Chidian
426,Winny,Doog,wdoogbt@issuu.com,Female,157.249.48.134,Thị Trấn Tân Yên
427,Cahra,Ranaghan,cranaghanbu@tinypic.com,Female,191.32.147.249,Boissy-Saint-Léger
428,Kirsteni,Penticost,kpenticostbv@princeton.edu,Female,102.57.252.137,Reston
429,Byron,Josefs,bjosefsbw@kickstarter.com,Male,74.162.36.27,Qianqiao
430,Charlena,Mungham,cmunghambx@issuu.com,Female,89.217.205.43,Caleta Cruz
431,Allison,Bulfoot,abulfootby@oracle.com,Female,199.250.249.18,High Point
432,Selia,Mountford,smountfordbz@desdev.cn,Female,195.124.201.172,Baturinggit Kaja
433,Freddi,Brimmacombe,fbrimmacombec0@unblog.fr,Female,236.50.197.2,Bordeaux
434,Mitchael,Grestye,mgrestyec1@harvard.edu,Male,98.227.102.4,Cibungur
435,Deidre,Sturges,dsturgesc2@alibaba.com,Female,251.40.7.92,Roche-à-Bateau
436,Lancelot,Alliker,lallikerc3@moonfruit.com,Male,3.136.42.243,Cibeureum Kidul
437,Tyrus,Pluvier,tpluvierc4@auda.org.au,Male,223.218.142.76,Codrington
438,Rochella,Bernardini,rbernardinic5@naver.com,Female,155.229.220.26,Bal’shavik
439,Sully,Cattermoul,scattermoulc6@comcast.net,Male,221.238.27.169,Agra
440,Florence,Pulsford,fpulsfordc7@merriam-webster.com,Female,69.228.74.121,Tabasalu
441,Colette,Sooper,csooperc8@liveinternet.ru,Female,27.166.166.54,Coja
442,Glenine,Whittington,gwhittingtonc9@unblog.fr,Female,,
443,Arthur,Ancketill,aancketillca@people.com.cn,Male,111.227.245.74,Arhust
444,Tabby,Capeloff,tcapeloffcb@nymag.com,Male,183.224.58.36,San Celestio
445,Corney,Wishart,cwishartcc@blogger.com,Male,197.100.194.7,Santo Amaro
446,Ibby,Esmond,iesmondcd@auda.org.au,Female,147.16.210.123,Yangxiang
447,Cary,Bartleet,cbartleetce@opera.com,Male,107.253.150.37,Athabasca
448,Lavena,Motten,lmottencf@gravatar.com,Female,213.12.71.62,Jasaan
449,Elfrieda,Gallant,egallantcg@bizjournals.com,Female,,
450,Ilka,Rosenblath,irosenblathch@behance.net,Female,252.51.120.21,Chowki Jamali
451,Walther,Matthieson,wmatthiesonci@seesaa.net,Male,205.150.116.85,Governor’s Harbour
452,Aaron,Mulvihill,amulvihillcj@ask.com,Male,139.213.163.39,Banjar Kajanan
453,Kirbee,Crummey,kcrummeyck@microsoft.com,Female,45.150.159.210,Kirkuk
454,Sybille,Mityushin,smityushincl@exblog.jp,Female,204.134.2.90,Carrasqueira
455,Ruthy,Minister,rministercm@marriott.com,Female,125.181.137.47,Osilnica
456,Ansley,Eagan,aeagancn@senate.gov,Female,187.124.91.90,Nyimba
457,Jessy,Drayson,jdraysonco@ca.gov,Female,101.137.32.130,Kolonia Town
458,Wylie,Cressingham,wcressinghamcp@illinois.edu,Male,,
459,Gretel,Legerton,glegertoncq@liveinternet.ru,Female,180.178.26.39,Rora Timur
460,Brendin,Kerry,bkerrycr@rakuten.co.jp,Male,44.89.27.43,Qiqing
461,Casie,Marciskewski,cmarciskewskics@unblog.fr,Female,88.227.95.40,Sobrosa
462,Nancee,Churchward,nchurchwardct@discuz.net,Female,61.135.78.9,Dadeldhurā
463,Emmalyn,Bevir,ebevircu@purevolume.com,Female,229.228.143.40,Bantarjati
464,Tobe,Showte,tshowtecv@howstuffworks.com,Female,201.63.224.133,São Bento do Sul
465,Ashlen,Le febre,alefebrecw@mtv.com,Female,86.24.71.126,Khallat ad Dār
466,Lidia,State,lstatecx@prweb.com,Female,114.240.58.42,San Ramón de la Nueva Orán
467,Marthe,Rizziello,mrizziellocy@thetimes.co.uk,Female,119.48.148.52,Karangtanjung
468,Andreas,Sargint,asargintcz@rambler.ru,Male,114.146.133.152,Naples
469,Nap,Sinfield,nsinfieldd0@netlog.com,Male,2.184.160.12,Dongdong
470,Dore,Marron,dmarrond1@edublogs.org,Male,249.82.221.139,Maguwon
471,Jim,Crosdill,jcrosdilld2@nymag.com,Male,159.192.75.222,Ponta Porã
472,Theresa,Stoile,tstoiled3@unc.edu,Female,138.216.32.137,Pengulu
473,Alicea,Arton,aartond4@hatena.ne.jp,Female,206.189.171.109,Samdrup Jongkhar
474,Reed,Uglow,ruglowd5@imgur.com,Male,156.20.185.249,Las Trojes
475,Verine,Readhead,vreadheadd6@joomla.org,Female,68.224.243.3,Mayong
476,Cherilyn,Baroc,cbarocd7@blogspot.com,Female,197.165.60.26,Phong Điền
477,Denny,Gallety,dgalletyd8@ft.com,Male,122.237.164.65,Trondheim
478,Pollyanna,Vitet,pvitetd9@indiegogo.com,Female,124.131.118.66,Yijing
479,Jillayne,Midgely,jmidgelyda@indiatimes.com,Female,172.178.213.43,Dongqiao
480,Thia,Fleay,tfleaydb@1und1.de,Female,65.243.149.48,Yukou
481,Price,Brandes,pbrandesdc@seattletimes.com,Male,235.42.75.212,Miramar
482,Randie,Youngs,ryoungsdd@delicious.com,Female,38.37.21.50,Åtvidaberg
483,Franzen,Kleinplatz,fkleinplatzde@artisteer.com,Male,73.247.120.87,Besteiros
484,Westbrooke,Danell,wdanelldf@hostgator.com,Male,,
485,Jasper,Trathan,jtrathandg@friendfeed.com,Male,227.62.183.13,Sbo’o
486,Kerr,Pedrielli,kpedriellidh@dropbox.com,Male,20.103.35.134,Kabīrwāla
487,Kim,Wilcher,kwilcherdi@techcrunch.com,Female,,
488,Merilyn,Passingham,mpassinghamdj@cbc.ca,Female,250.76.254.84,Bagjasari
489,Shirley,Champkin,schampkindk@goo.gl,Female,242.55.225.11,Mbigou
490,Archibaldo,Youell,ayouelldl@sciencedaily.com,Male,23.37.59.148,Kobyzhcha
491,Rafaela,Perceval,rpercevaldm@epa.gov,Female,212.73.220.13,Malanday
492,Hector,Stean,hsteandn@blogger.com,Male,189.176.130.210,Jiantianjie
493,Yves,Kopmann,ykopmanndo@zimbio.com,Male,49.88.167.104,Rogowo
494,Bengt,Ghiron,bghirondp@nymag.com,Male,227.101.87.19,Pāshmūl
495,Reuben,Staff,rstaffdq@gravatar.com,Male,13.115.157.32,Saint John
496,Olivier,MacNucator,omacnucatordr@nhs.uk,Male,185.176.226.203,Jilin
497,Frazier,Weafer,fweaferds@51.la,Male,34.77.228.12,Luau
498,Justinian,Eskrigge,jeskriggedt@sciencedirect.com,Male,164.174.160.163,Dinjo
499,Celesta,Toffoletto,ctoffolettodu@wordpress.org,Female,187.14.100.194,Yezhi
500,Shayne,Drissell,sdrisselldv@theguardian.com,Male,207.223.40.21,Seia
501,Patric,Cowdry,pcowdrydw@clickbank.net,Male,,
502,Aidan,Hassell,ahasselldx@earthlink.net,Female,165.103.200.199,Yaring
503,Jerrilyn,Junes,jjunesdy@weather.com,Female,62.129.163.6,Barabedang
504,Marissa,Skotcher,mskotcherdz@paypal.com,Female,84.117.123.41,Carman
505,Tillie,Reye,treyee0@ezinearticles.com,Female,106.166.10.53,Tiro
506,Richardo,Halifax,rhalifaxe1@ebay.com,Male,31.166.36.103,Bariri
507,Karylin,Stathor,kstathore2@simplemachines.org,Female,156.127.231.77,Lumbayan
508,Rockie,Leavey,rleaveye3@usa.gov,Male,162.74.243.87,Mullagh
509,Brice,Abarough,babaroughe4@de.vu,Male,,
510,Friedrich,Craze,fcrazee5@barnesandnoble.com,Male,156.123.77.9,Cabeça Gorda
511,Kev,Morbey,kmorbeye6@illinois.edu,Male,188.2.125.84,Kabūdarāhang
512,Anselm,Gledstane,agledstanee7@feedburner.com,Male,244.68.163.173,Lagoa
513,Clint,Cornock,ccornocke8@geocities.com,Male,113.236.73.47,Brant
514,Lurlene,Speares,lspearese9@sohu.com,Female,69.136.129.186,Anhai
515,Betty,Parrish,bparrishea@newyorker.com,Female,231.156.55.87,Del Campillo
516,Florri,Heinsen,fheinseneb@is.gd,Female,120.190.211.214,Yushang
517,Livy,Ninnoli,lninnoliec@simplemachines.org,Female,,
518,Malva,Starrs,mstarrsed@nydailynews.com,Female,136.39.73.17,Doumuhu
519,Paquito,McCaffrey,pmccaffreyee@newyorker.com,Male,151.173.213.198,Carrefour
520,Rosalind,Winnett,rwinnettef@arstechnica.com,Female,41.125.40.180,Meiktila
521,Isadore,Silcocks,isilcockseg@hubpages.com,Male,60.192.212.212,San Sebastian
522,Teresa,Cauldfield,tcauldfieldeh@mozilla.org,Female,201.25.81.151,Hongqi
523,Kassandra,Androlli,kandrolliei@nasa.gov,Female,147.207.130.79,Ziroudani
524,Ellerey,Lightning,elightningej@vk.com,Male,60.110.213.53,Inglewood
525,Diena,Clingan,dclinganek@parallels.com,Female,243.249.218.238,Gaoqiaolou
526,Marcille,Agent,magentel@europa.eu,Female,255.215.32.8,Vista Hermosa
527,Ermentrude,Beek,ebeekem@walmart.com,Female,,
528,Corby,Starte,cstarteen@webnode.com,Male,209.38.53.89,Shiquan
529,Hildy,Haydon,hhaydoneo@moonfruit.com,Female,247.67.182.182,Sollebrunn
530,Vivianna,Elmhirst,velmhirstep@twitpic.com,Female,,
531,Arny,Croome,acroomeeq@uiuc.edu,Male,97.45.232.254,Magway
532,Tedie,Wathall,twathaller@hc360.com,Male,,
533,Robin,Sharland,rsharlandes@seattletimes.com,Female,155.232.159.95,Blama
534,Andrey,Basford,abasfordet@nature.com,Male,100.77.90.219,Caikouji
535,Felicle,Rawcliffe,frawcliffeeu@woothemes.com,Female,184.205.144.9,Goúrnes
536,Ellynn,Reiling,ereilingev@istockphoto.com,Female,28.117.51.154,Tocha
537,Dickie,Kebbell,dkebbellew@rediff.com,Male,144.227.209.132,Czerwionka-Leszczyny
538,Fabio,Rabbe,frabbeex@wp.com,Male,209.143.32.235,Fort-de-France
539,Ida,Antuoni,iantuoniey@histats.com,Female,164.189.187.78,Montague
540,Denys,Bremmell,dbremmellez@cocolog-nifty.com,Female,251.214.156.23,Diriamba
541,Wilone,Lafay,wlafayf0@hc360.com,Female,,
542,Beret,Hartness,bhartnessf1@deviantart.com,Female,,
543,Kasper,Gilchriest,kgilchriestf2@skype.com,Male,33.40.64.152,Cevicos
544,Loralyn,Ainger,laingerf3@who.int,Female,91.67.150.118,Dzyatlava
545,Sansone,Print,sprintf4@msu.edu,Male,109.83.22.88,Villa Santa Rosa
546,Arnie,Cheasman,acheasmanf5@pbs.org,Male,210.85.59.83,Kananga
547,Gannon,Lindner,glindnerf6@fastcompany.com,Male,167.8.130.199,Mae Sai
548,Sharline,Findley,sfindleyf7@woothemes.com,Female,176.19.190.79,Otorohanga
549,Matilda,Woodman,mwoodmanf8@pagesperso-orange.fr,Female,70.244.48.69,Ar Ruways
550,Nydia,Tideswell,ntideswellf9@xinhuanet.com,Female,133.70.229.121,Lage
551,Brade,Latour,blatourfa@hexun.com,Male,195.175.22.105,Sterling
552,Corella,Duthie,cduthiefb@gravatar.com,Female,74.99.142.22,Liping
553,Sebastiano,Klas,sklasfc@xrea.com,Male,254.8.241.134,Reinaldes
554,Thea,MacRirie,tmacririefd@jalbum.net,Female,12.224.216.199,Żelazków
555,Natale,Littley,nlittleyfe@jalbum.net,Male,,
556,Ursa,Lamond,ulamondff@facebook.com,Female,141.204.242.225,Mrozy
557,Nissa,Dwelling,ndwellingfg@chicagotribune.com,Female,179.179.229.171,Opi
558,Rinaldo,McRavey,rmcraveyfh@si.edu,Male,244.34.166.68,Velyki Sorochyntsi
559,Dacy,Pursehouse,dpursehousefi@jiathis.com,Female,123.81.8.117,Valle de Ángeles
560,Rodrigo,Carluccio,rcarlucciofj@desdev.cn,Male,82.59.29.26,Presidencia Roque Sáenz Peña
561,Corrie,Malin,cmalinfk@google.pl,Female,,
562,Nollie,Beade,nbeadefl@sbwire.com,Female,197.246.40.41,Merton
563,Fancy,Tort,ftortfm@jugem.jp,Female,15.187.224.229,Seiça
564,Shoshana,Ashdown,sashdownfn@blogtalkradio.com,Female,170.88.63.235,Nyeri
565,Alec,Durno,adurnofo@baidu.com,Male,107.179.63.177,Fort Dauphin
566,Lidia,Kleinhaut,lkleinhautfp@virginia.edu,Female,37.94.75.103,Campo Maior
567,Consuelo,Kondrachenko,ckondrachenkofq@globo.com,Female,84.233.210.98,Goczałkowice Zdrój
568,Allen,Ullyatt,aullyattfr@sun.com,Male,83.137.87.194,Rupe
569,Hinda,Klulicek,hklulicekfs@gnu.org,Female,78.17.216.66,Yidao
570,Bevon,Chadbourne,bchadbourneft@amazon.co.jp,Male,11.236.96.217,Anning
571,Leesa,Leaver,lleaverfu@naver.com,Female,,
572,Starlene,O'Haire,sohairefv@jalbum.net,Female,240.105.71.233,Taiping
573,Rozalin,Gorgen,rgorgenfw@unblog.fr,Female,75.241.35.164,Macarse
574,Emlynn,Kynson,ekynsonfx@ed.gov,Female,45.223.255.2,Teuva
575,Pacorro,Bourget,pbourgetfy@odnoklassniki.ru,Male,251.27.93.241,Sarāqib
576,Antoine,Sherlock,asherlockfz@sciencedirect.com,Male,110.234.25.124,Nemyriv
577,Cassy,Bauldrey,cbauldreyg0@google.co.uk,Female,219.150.255.74,Uppsala
578,Kelli,Jankovic,kjankovicg1@techcrunch.com,Female,,
579,Scottie,Foyster,sfoysterg2@bing.com,Male,185.118.212.49,Illéla
580,Xenia,Jakubowicz,xjakubowiczg3@goodreads.com,Female,,
581,Kat,Balcombe,kbalcombeg4@symantec.com,Female,34.114.247.101,Lazaro Cardenas
582,Irv,Carlsen,icarlseng5@artisteer.com,Male,244.253.57.24,Cilimus Kulon
583,Derrik,Ewestace,dewestaceg6@yellowbook.com,Male,126.181.206.209,Yuncheng
584,Tildy,Borrington,tborringtong7@barnesandnoble.com,Female,226.65.252.158,Staraya Kulatka
585,Juliane,McFaul,jmcfaulg8@amazon.co.jp,Female,14.157.73.246,Chefchaouene
586,Denys,McIlvaney,dmcilvaneyg9@businesswire.com,Female,239.28.41.28,Paris La Défense
587,Felizio,Sate,fsatega@wikimedia.org,Male,193.111.73.10,Paraćin
588,Ryley,Winchurch,rwinchurchgb@nature.com,Male,,
589,Charlie,Anten,cantengc@huffingtonpost.com,Male,156.1.45.194,Asino
590,Obadiah,Felten,ofeltengd@msu.edu,Male,139.181.231.176,Banturkrajan
591,Bobbette,Flew,bflewge@blogger.com,Female,253.87.198.242,Nhơn Trạch
592,Rudd,Moroney,rmoroneygf@about.me,Male,242.47.253.84,Pacho
593,Bruno,Bousler,bbouslergg@whitehouse.gov,Male,190.18.162.192,Cherkasskoye
594,Cass,Oakeby,coakebygh@google.ru,Female,83.254.127.207,Krasnodar
595,Culver,Sprowson,csprowsongi@wunderground.com,Male,39.216.210.62,Salto de Pirapora
596,Nettle,Croston,ncrostongj@dropbox.com,Female,165.21.52.135,Vale de Vila
597,Jacquelyn,Scholte,jscholtegk@imdb.com,Female,186.28.35.191,Rathdrum
598,Dacie,Godthaab,dgodthaabgl@utexas.edu,Female,46.173.23.153,Stenungsund
599,Bren,Ruck,bruckgm@webmd.com,Female,,
600,Sylas,Rootham,sroothamgn@narod.ru,Male,8.42.7.113,Ketawang
601,Beitris,Elderton,beldertongo@weibo.com,Female,125.224.84.205,Granard
602,Vina,Kilmary,vkilmarygp@pcworld.com,Female,105.250.89.180,Liangting
603,Margie,Blouet,mblouetgq@archive.org,Female,180.247.18.118,Ejidal
604,Zonnya,Keller,zkellergr@imgur.com,Female,112.228.162.180,Guashe
605,Nola,Relfe,nrelfegs@360.cn,Female,64.146.187.157,Paris 03
606,Murry,Duthy,mduthygt@surveymonkey.com,Male,151.164.213.181,Chum Phuang
607,Vitia,Wiley,vwileygu@hp.com,Female,152.250.120.240,Manzil Bū Zalafah
608,Erl,Ridding,eriddinggv@printfriendly.com,Male,,
609,Hildagard,Malacrida,hmalacridagw@prweb.com,Female,45.38.232.233,Nevel’sk
610,Humfried,Giocannoni,hgiocannonigx@ifeng.com,Male,5.185.228.75,Dolní Bojanovice
611,Bree,Thebe,bthebegy@kickstarter.com,Female,201.120.181.126,Quirinópolis
612,Gil,Galton,ggaltongz@google.ru,Male,,
613,Shirline,Stennet,sstenneth0@merriam-webster.com,Female,32.168.67.38,Parion
614,Laural,Westgate,lwestgateh1@reuters.com,Female,183.161.87.42,Agrela
615,Ingeberg,Lovejoy,ilovejoyh2@hp.com,Female,113.27.117.51,Dadoupu
616,Cyndie,Danton,cdantonh3@squarespace.com,Female,162.49.45.62,Gunjur
617,Roseann,Carsey,rcarseyh4@va.gov,Female,4.119.200.86,Stare Pole
618,Broddie,Neasam,bneasamh5@sohu.com,Male,127.49.182.126,Čelopek
619,Fernando,Gulberg,fgulbergh6@oaic.gov.au,Male,128.24.76.180,Charikar
620,Richardo,Buggs,rbuggsh7@soup.io,Male,183.233.231.232,Pórto Chéli
621,Scotty,Wheater,swheaterh8@jigsy.com,Male,52.161.8.6,Stockholm
622,Hiram,Adkins,hadkinsh9@bandcamp.com,Male,233.255.192.159,Boston
623,Eugene,Neaves,eneavesha@ebay.com,Male,24.68.223.102,El Valle del Espíritu Santo
624,Merci,Leivers,mleivershb@tumblr.com,Female,9.8.172.178,Kambar
625,Baxy,Carrick,bcarrickhc@homestead.com,Male,17.160.69.20,Vratsa
626,Everett,Smallcombe,esmallcombehd@shop-pro.jp,Male,165.242.64.26,Ban Chang
627,Nikos,Osipov,nosipovhe@mlb.com,Male,93.102.87.80,Oinófyta
628,Jody,Dunster,jdunsterhf@china.com.cn,Male,,
629,Marris,Egar,megarhg@hao123.com,Female,230.161.251.241,Danidehe
630,Lona,Pobjay,lpobjayhh@howstuffworks.com,Female,29.162.213.225,Kasli
631,Emmerich,Heindrick,eheindrickhi@nationalgeographic.com,Male,61.200.167.94,Nagiba
632,Samara,Tilio,stiliohj@reverbnation.com,Female,174.49.124.18,Kungsbacka
633,Briney,Dello,bdellohk@istockphoto.com,Female,142.244.54.195,Lemende
634,Milena,Tew,mtewhl@springer.com,Female,104.89.22.3,Cibunar
635,Candace,Kingett,ckingetthm@upenn.edu,Female,129.7.109.78,Lututów
636,Rochester,Hedgeley,rhedgeleyhn@newsvine.com,Male,64.145.232.94,København
637,Richmound,MacDirmid,rmacdirmidho@cargocollective.com,Male,,
638,Jamie,Shevels,jshevelshp@sohu.com,Male,,
639,Natalie,Spinola,nspinolahq@cafepress.com,Female,176.136.254.227,Kurortnyy
640,Valera,Bellson,vbellsonhr@nymag.com,Female,88.248.17.154,Mlangali
641,Lucinda,Quittonden,lquittondenhs@mapquest.com,Female,89.120.202.30,Bilian
642,Gladys,Roycraft,groycraftht@godaddy.com,Female,194.80.255.141,Lobão
643,Maurizio,Maken,mmakenhu@pcworld.com,Male,164.179.167.72,Pirajuí
644,Robinett,Dabell,rdabellhv@springer.com,Female,141.162.42.54,Gampingan
645,Ephrem,Riggs,eriggshw@angelfire.com,Male,149.119.80.81,Otradnoye
646,Maxie,Ucchino,mucchinohx@hubpages.com,Male,84.86.128.77,Markaz Mudhaykirah
647,Linell,Mc Elory,lmceloryhy@cmu.edu,Female,158.129.31.243,Kongsvinger
648,Riccardo,Sharpley,rsharpleyhz@123-reg.co.uk,Male,13.120.137.56,Anding
649,Wallas,Slimmon,wslimmoni0@usatoday.com,Male,100.238.88.114,Taradale
650,Braden,Shenton,bshentoni1@mozilla.org,Male,221.110.38.58,Solna
651,Katrina,Menis,kmenisi2@mit.edu,Female,45.94.166.25,Bryan
652,Suki,Wardrop,swardropi3@blog.com,Female,188.186.218.216,Koshki
653,Jule,Impy,jimpyi4@goo.gl,Male,41.10.249.35,Ramon’
654,Oona,Aitcheson,oaitchesoni5@cam.ac.uk,Female,197.117.224.178,Желино
655,Marmaduke,Madgewick,mmadgewicki6@exblog.jp,Male,107.183.15.75,Talugtug
656,Benn,Burnage,bburnagei7@gov.uk,Male,151.25.231.136,Benito Juarez
657,Abagael,Littlewood,alittlewoodi8@ibm.com,Female,251.76.26.247,Panggungwinong
658,Hunt,Dakin,hdakini9@nps.gov,Male,65.162.253.252,Pasiragung
659,Viva,Ferrini,vferriniia@umich.edu,Female,218.99.52.170,San Miguel de Tucumán
660,Babette,Bohlens,bbohlensib@sciencedaily.com,Female,62.163.193.232,La Purisima
661,Erin,Fitzackerley,efitzackerleyic@fda.gov,Female,13.63.100.16,Campoverde
662,Sander,Bann,sbannid@geocities.jp,Male,211.153.215.153,Machado
663,Bondie,Peeke-Vout,bpeekevoutie@businessinsider.com,Male,244.233.222.212,Houzhai
664,Ashia,Doyley,adoyleyif@plala.or.jp,Female,106.142.121.5,Myhove
665,Adair,Noot,anootig@narod.ru,Male,,
666,Stephan,L'Hommee,slhommeeih@vistaprint.com,Male,213.113.70.145,Benito Juarez
667,Cristiano,Redman,credmanii@noaa.gov,Male,53.34.121.3,Khān Neshīn
668,Gwenneth,Goalby,ggoalbyij@cdbaby.com,Female,5.73.50.58,Tuka
669,Nappy,Sawney,nsawneyik@prweb.com,Male,44.227.145.57,Ban Dan
670,Buffy,Eat,beatil@paginegialle.it,Female,153.48.120.166,New Bedford
671,Theresina,Winfrey,twinfreyim@ask.com,Female,223.160.184.29,Resende
672,Marylee,Doe,mdoein@g.co,Female,162.228.68.162,Chishmy
673,Corri,Domingues,cdominguesio@themeforest.net,Female,166.81.126.153,Al Khafsah
674,Min,Rossant,mrossantip@blinklist.com,Female,189.143.16.21,Skuodas
675,Cam,Kitcher,ckitcheriq@sitemeter.com,Female,126.3.234.250,Sambirejo
676,Peyter,Siberry,psiberryir@booking.com,Male,199.3.255.158,El Retén
677,Consuelo,O'Howbane,cohowbaneis@w3.org,Female,,
678,Lucien,Kershaw,lkershawit@icio.us,Male,9.77.106.218,Ceelbuur
679,Boyd,Bachelar,bbachelariu@harvard.edu,Male,247.204.98.50,KwaMbonambi
680,Ammamaria,Maken,amakeniv@dmoz.org,Female,59.159.235.0,Cametá
681,Lisetta,Offield,loffieldiw@apple.com,Female,45.14.253.112,Kangar
682,Petronia,Dumpleton,pdumpletonix@businessweek.com,Female,197.107.74.231,Puerto San José
683,Hart,Leguey,hlegueyiy@vistaprint.com,Male,199.200.9.92,Metz
684,Zorina,Lindenstrauss,zlindenstraussiz@posterous.com,Female,191.94.246.89,Shuanghejiedao
685,Morten,Janzen,mjanzenj0@vinaora.com,Male,200.236.18.221,Baixo Guandu
686,Alika,Gamlyn,agamlynj1@clickbank.net,Female,,
687,Marrilee,Dossit,mdossitj2@drupal.org,Female,138.115.24.215,Choropampa
688,Cletis,Lundbeck,clundbeckj3@bandcamp.com,Male,70.6.29.72,Dinjo
689,Kain,O'Deoran,kodeoranj4@squidoo.com,Male,3.109.150.168,Tajan
690,Bartholomeo,Meijer,bmeijerj5@nationalgeographic.com,Male,220.35.100.225,Cola
691,Inge,Harder,iharderj6@woothemes.com,Female,137.138.242.126,Zielonki
692,Lexi,Barrow,lbarrowj7@earthlink.net,Female,162.76.35.199,Zhangpu
693,Jill,Corbitt,jcorbittj8@abc.net.au,Female,,
694,Hannah,Irvine,hirvinej9@privacy.gov.au,Female,70.202.212.90,Mikró Monastíri
695,Charmion,Smallpeace,csmallpeaceja@behance.net,Female,47.76.1.10,Geputan
696,Vince,Tabb,vtabbjb@reuters.com,Male,16.249.58.140,Imsida
697,Eduino,Folan,efolanjc@mashable.com,Male,41.64.37.42,Martakert
698,Josias,Gerholz,jgerholzjd@example.com,Male,241.39.230.100,Kresek
699,Curran,Hedden,cheddenje@wufoo.com,Male,,
700,Merridie,Scardafield,mscardafieldjf@geocities.jp,Female,205.66.89.177,Chaparral
701,Emogene,MacKaile,emackailejg@oakley.com,Female,,
702,Humfried,Lohde,hlohdejh@un.org,Male,162.224.186.88,Hamburg
703,Jeniffer,Tremellier,jtremellierji@dailymail.co.uk,Female,20.194.26.8,Petrovsk
704,Haley,Cassar,hcassarjj@nsw.gov.au,Female,237.247.12.157,Komsomol’s’ke
705,Sterne,Medcalfe,smedcalfejk@cloudflare.com,Male,227.20.54.172,Södertälje
706,Odelle,Hasslocher,ohasslocherjl@blinklist.com,Female,139.210.175.200,Kataba
707,Boyce,Deer,bdeerjm@cbc.ca,Male,149.185.73.118,Ciherang
708,Odo,Schleswig-Holstein,oschleswigholsteinjn@bravesites.com,Male,7.79.12.247,Wukou
709,Derril,McGee,dmcgeejo@virginia.edu,Male,,
710,Bree,Durn,bdurnjp@i2i.jp,Female,122.182.124.93,Kijang
711,Conni,Cuchey,ccucheyjq@miitbeian.gov.cn,Female,251.14.162.26,Cheqiao
712,Idelle,Gainsford,igainsfordjr@ning.com,Female,134.15.176.159,Tulsa
713,Randal,Jedrachowicz,rjedrachowiczjs@forbes.com,Male,122.83.250.204,Mpika
714,Riobard,Elmhirst,relmhirstjt@seesaa.net,Male,24.145.200.208,Stěbořice
715,Trip,Sleney,tsleneyju@usnews.com,Male,195.178.181.136,Oranjestad
716,Latrena,Baythrop,lbaythropjv@psu.edu,Female,121.105.126.213,Borok
717,Meyer,Ashling,mashlingjw@slideshare.net,Male,210.115.250.201,Liuche
718,Maryellen,Bladge,mbladgejx@ow.ly,Female,243.205.206.213,Madrid
719,Ketti,Hatfull,khatfulljy@a8.net,Female,8.52.126.148,Phon Charoen
720,Lenna,Braganza,lbraganzajz@reverbnation.com,Female,136.180.27.73,Hucheng
721,Seumas,Redding,sreddingk0@fema.gov,Male,151.28.191.1,Alès
722,Lynsey,Doughtery,ldoughteryk1@rakuten.co.jp,Female,93.117.21.9,Pukë
723,Meggie,Ginnell,mginnellk2@youtube.com,Female,158.81.88.22,Krajan Kulon
724,Athene,Tizzard,atizzardk3@sogou.com,Female,48.99.118.209,Pataruman
725,Hildegarde,Posthill,hposthillk4@narod.ru,Female,56.55.27.71,Hoogeveen
726,Hermann,Marmon,hmarmonk5@usa.gov,Male,35.214.102.22,Surkh Bilandī
727,Obediah,Whayman,owhaymank6@odnoklassniki.ru,Male,142.161.99.252,Laúndos
728,Ambrose,Trower,atrowerk7@foxnews.com,Male,253.222.192.170,Seremban
729,Horten,Iacovozzo,hiacovozzok8@vkontakte.ru,Male,72.64.177.178,Miraflores
730,Bevvy,Orridge,borridgek9@irs.gov,Female,12.224.126.207,Pampas
731,Raina,Mungham,rmunghamka@hud.gov,Female,172.33.75.143,Charneca
732,Catriona,Crebbin,ccrebbinkb@toplist.cz,Female,191.125.137.65,Jiuchenggong
733,Sonny,Hadleigh,shadleighkc@slideshare.net,Male,140.229.137.20,Surubim
734,York,Battell,ybattellkd@linkedin.com,Male,180.150.160.25,Bununu Kasa
735,Hollis,Meaney,hmeaneyke@yandex.ru,Male,122.224.171.223,Cakran
736,Eden,Brownlie,ebrownliekf@slate.com,Female,229.27.158.215,Voznesenskaya
737,Gilburt,Steanson,gsteansonkg@jimdo.com,Male,140.35.220.146,Juršinci
738,Ola,Bergstrand,obergstrandkh@slideshare.net,Female,77.247.201.160,Les Sables-d'Olonne
739,Mathian,Kleinbaum,mkleinbaumki@ameblo.jp,Male,7.155.181.0,Feitoria
740,Fawne,Formie,fformiekj@narod.ru,Female,12.219.208.237,Paderne
741,Silvanus,Shapiro,sshapirokk@auda.org.au,Male,111.91.73.100,Bonanza
742,Sam,Bradburn,sbradburnkl@tmall.com,Female,26.86.80.206,Yingtou
743,Lydia,Volleth,lvollethkm@blinklist.com,Female,77.30.194.58,Lawdar
744,Jany,Pryce,jprycekn@ucoz.ru,Female,149.192.210.236,Minador do Negrão
745,Edwina,Hardwin,ehardwinko@mac.com,Female,28.184.166.42,Luboń
746,Maddi,Leathem,mleathemkp@bbc.co.uk,Female,54.131.156.210,Longquan
747,Shara,Errey,serreykq@howstuffworks.com,Female,108.232.252.161,António Enes
748,Flinn,Clout,fcloutkr@t.co,Male,188.21.5.84,Casal de Cambra
749,Hephzibah,Gellately,hgellatelyks@tamu.edu,Female,167.16.170.233,Ciénega
750,Jayson,Hackey,jhackeykt@biglobe.ne.jp,Male,51.105.143.102,Xincheng
751,Lemmy,Minocchi,lminocchiku@washington.edu,Male,229.182.44.23,Binawara
752,Haley,Pembery,hpemberykv@sitemeter.com,Female,,
753,Siward,Sansome,ssansomekw@github.com,Male,,
754,Doyle,Jojic,djojickx@zdnet.com,Male,225.82.82.129,Czemierniki
755,Nerissa,Gainsborough,ngainsboroughky@pagesperso-orange.fr,Female,195.38.118.99,Araouane
756,Gallagher,Gulland,ggullandkz@bigcartel.com,Male,37.76.39.250,Klyuchevsk
757,Ebony,Spada,espadal0@wordpress.com,Female,44.250.116.33,Sala
758,Ilyssa,Adhams,iadhamsl1@buzzfeed.com,Female,72.219.144.236,Aikmel
759,Tan,Hawkett,thawkettl2@reverbnation.com,Male,162.55.9.193,Bauang
760,Vevay,Peet,vpeetl3@blinklist.com,Female,77.59.112.20,Silae
761,Marguerite,Bampforth,mbampforthl4@cargocollective.com,Female,233.189.93.17,Guoxiang
762,Emilio,Lapre,elaprel5@ftc.gov,Male,226.159.108.86,Gandi
763,Dode,Orneles,dornelesl6@rediff.com,Female,70.89.1.183,Pidsandawan
764,Di,Watling,dwatlingl7@chron.com,Female,60.39.8.103,Västerhaninge
765,Jules,Seeger,jseegerl8@netvibes.com,Male,29.177.154.168,Pasararba
766,Consuela,Sapson,csapsonl9@posterous.com,Female,236.177.73.216,Sosnovoborsk
767,Reeba,Hoopper,rhoopperla@businessweek.com,Female,135.135.39.214,Cruz Alta
768,Mack,Chrispin,mchrispinlb@mediafire.com,Male,193.151.88.228,Beloha
769,Huntley,Parken,hparkenlc@census.gov,Male,197.156.139.175,Tocumen
770,Viki,Keay,vkeayld@instagram.com,Female,15.42.247.187,Galapa
771,Elga,Stiggles,estigglesle@lulu.com,Female,77.218.183.244,Huangjiazhai
772,Zita,Flowerdew,zflowerdewlf@examiner.com,Female,69.23.25.223,Silodakon
773,Shepperd,Tennant,stennantlg@a8.net,Male,15.49.248.6,Al Munīrah
774,Derek,Conklin,dconklinlh@infoseek.co.jp,Male,70.172.39.64,Bongbong
775,Aarika,Richley,arichleyli@geocities.com,Female,163.87.183.250,Haixing
776,Hillery,Vivien,hvivienlj@bizjournals.com,Male,73.99.14.180,Kwolla
777,Roseanna,Mc Corley,rmccorleylk@hibu.com,Female,154.9.38.172,Yuecheng
778,Lucienne,Rickarsey,lrickarseyll@go.com,Female,250.169.45.127,Shengping
779,Ilise,Grolmann,igrolmannlm@g.co,Female,62.141.217.238,Damanhūr
780,Karna,Poulden,kpouldenln@telegraph.co.uk,Female,63.233.243.40,Lezhë
781,Deidre,Liversage,dliversagelo@bravesites.com,Female,216.223.203.248,Châtellerault
782,Christiana,Bromilow,cbromilowlp@free.fr,Female,26.121.87.138,Matinao
783,Rex,Shalloo,rshalloolq@msn.com,Male,189.231.73.236,Boliden
784,Nicolina,Gegay,ngegaylr@cisco.com,Female,54.252.43.25,Port Louis
785,Edie,Clemanceau,eclemanceauls@webs.com,Female,249.106.134.214,Marićka
786,Kori,Jandourek,kjandoureklt@mapquest.com,Female,35.135.35.116,Kybartai
787,Tedi,Doey,tdoeylu@google.ca,Female,64.159.206.197,El Cerrito
788,Morris,Dudbridge,mdudbridgelv@tiny.cc,Male,92.33.55.125,Cimo de Vila
789,Torre,Whitrod,twhitrodlw@sbwire.com,Male,237.92.103.108,Mishkino
790,Yasmeen,Eginton,yegintonlx@hexun.com,Female,249.17.160.16,Asemanis
791,Otis,MacAskill,omacaskillly@friendfeed.com,Male,98.70.48.255,Pavlysh
792,Galvin,Ondrusek,gondruseklz@odnoklassniki.ru,Male,54.181.12.3,Binafun
793,Jemimah,Currall,jcurrallm0@123-reg.co.uk,Female,191.29.242.141,Xiushan
794,Julia,Roebottom,jroebottomm1@jiathis.com,Female,253.76.31.209,Hengshanqiao
795,Pattin,Pumfrey,ppumfreym2@example.com,Male,,
796,Neel,Leal,nlealm3@technorati.com,Male,105.206.39.218,Ban Na
797,Igor,Ponton,ipontonm4@slashdot.org,Male,149.229.185.56,Trondheim
798,Bonnee,Zelley,bzelleym5@storify.com,Female,164.165.11.8,Baishuiyang
799,Delmer,Eldershaw,deldershawm6@cbsnews.com,Male,254.27.121.102,Huomachong
800,Alyssa,Outhwaite,aouthwaitem7@nytimes.com,Female,245.254.25.183,Ciawi
801,Quentin,Bromige,qbromigem8@arstechnica.com,Male,194.249.123.207,Doloplazy
802,Ileana,Grellis,igrellism9@cpanel.net,Female,240.64.253.192,Belford Roxo
803,Blinni,Rouby,broubyma@hc360.com,Female,49.219.222.53,Borovan
804,Elladine,Altham,ealthammb@free.fr,Female,236.217.222.7,Kediren
805,Obadias,Shillitoe,oshillitoemc@tumblr.com,Male,157.220.164.159,Fenggang
806,Mercedes,Dixson,mdixsonmd@illinois.edu,Female,229.36.29.15,Yonkers
807,Reta,Wye,rwyeme@weibo.com,Female,132.253.110.186,Porto-Novo
808,Noll,Slorach,nslorachmf@soundcloud.com,Male,253.74.117.105,Czarków
809,Coleen,Mose,cmosemg@npr.org,Female,245.221.225.42,Hagerstown
810,Blisse,Debrick,bdebrickmh@amazon.de,Female,250.167.21.46,Khal’ch
811,Robenia,Longman,rlongmanmi@sphinn.com,Female,205.150.100.102,Huanfeng
812,Puff,Gaytor,pgaytormj@samsung.com,Male,3.164.253.54,Vila
813,Trey,Zanetti,tzanettimk@reference.com,Male,242.35.186.110,Jisegumen
814,Jane,Baldrey,jbaldreyml@furl.net,Female,253.50.52.2,Jianxin
815,Ase,Rudgerd,arudgerdmm@jimdo.com,Male,178.1.28.84,Kathu
816,Alexine,Denison,adenisonmn@gravatar.com,Female,113.90.88.128,Padre Las Casas
817,Marilyn,Pelzer,mpelzermo@businessinsider.com,Female,4.129.9.159,Kozakai-chō
818,Shirley,Van Waadenburg,svanwaadenburgmp@sciencedaily.com,Female,119.131.8.65,Longwu
819,Kurt,Knappett,kknappettmq@w3.org,Male,185.58.50.236,Al Manzilah
820,Christin,Pinwell,cpinwellmr@google.ca,Female,230.187.107.205,San Nicolas
821,Myrna,Deuss,mdeussms@youtu.be,Female,247.50.20.146,Eckerö
822,Illa,Finder,ifindermt@auda.org.au,Female,155.221.134.117,Jincheng
823,Creigh,Gourley,cgourleymu@unesco.org,Male,,
824,Barclay,Moss,bmossmv@meetup.com,Male,1.62.161.227,Niños Heroes
825,Gianna,Cansdall,gcansdallmw@cnn.com,Female,136.168.86.254,Jiefangyan
826,Alisha,Dysert,adysertmx@imdb.com,Female,97.220.115.232,Haokou
827,Maxi,Spalton,mspaltonmy@thetimes.co.uk,Female,149.123.24.103,Bokor
828,Raffarty,Gerdts,rgerdtsmz@xinhuanet.com,Male,228.56.132.229,Qiansuo
829,Clyve,Pendrey,cpendreyn0@woothemes.com,Male,240.163.123.209,Paris 03
830,Brittne,Bosworth,bbosworthn1@dropbox.com,Female,83.134.189.26,Pontalina
831,Delphinia,Millgate,dmillgaten2@census.gov,Female,104.145.193.178,Isehara
832,Major,Farquhar,mfarquharn3@seattletimes.com,Male,,
833,Kristien,Bladon,kbladonn4@shutterfly.com,Female,4.186.3.253,Shah Alam
834,Penelopa,Rorke,prorken5@newsvine.com,Female,74.216.230.42,Huangjindong
835,Lucias,Sawtell,lsawtelln6@nydailynews.com,Male,227.253.117.158,Perené
836,Pet,Havik,phavikn7@ox.ac.uk,Female,99.93.119.112,Postira
837,Maurine,Perryn,mperrynn8@hugedomains.com,Female,193.149.200.96,Huanghai
838,Yvette,Dakhov,ydakhovn9@addtoany.com,Female,122.97.48.165,Mantang
839,Alida,Pavek,apavekna@bravesites.com,Female,,
840,Sherie,Infantino,sinfantinonb@etsy.com,Female,229.6.40.151,Vendychany
841,Aharon,Redd,areddnc@mediafire.com,Male,77.1.30.94,Jönköping
842,Keri,Norcross,knorcrossnd@unesco.org,Female,126.138.29.247,Nōgata
843,Humfrid,Higbin,hhigbinne@google.co.jp,Male,20.1.230.135,Saint-Quentin-en-Yvelines
844,Bunny,Thandi,bthandinf@123-reg.co.uk,Female,,
845,Margarete,Hedon,mhedonng@psu.edu,Female,229.173.232.225,Proença-a-Nova
846,Huey,Queripel,hqueripelnh@privacy.gov.au,Male,14.194.46.211,Yangpu
847,Gloria,Janoschek,gjanoschekni@unc.edu,Female,46.108.21.153,Waepana
848,Sally,Wardington,swardingtonnj@biglobe.ne.jp,Female,16.252.128.238,Kisasa
849,Yoko,Lochhead,ylochheadnk@mozilla.org,Female,,
850,Jarib,Gumb,jgumbnl@constantcontact.com,Male,111.182.160.190,Bella Vista
851,Paten,Kalinke,pkalinkenm@dagondesign.com,Male,34.252.231.79,Carcarañá
852,Thane,Lartice,tlarticenn@prnewswire.com,Male,105.76.226.252,Tyrnyauz
853,Avrit,Awde,aawdeno@marketwatch.com,Female,97.228.203.28,Washington
854,Krystle,Joynson,kjoynsonnp@mediafire.com,Female,7.218.139.202,Wanju
855,Arny,Grishkov,agrishkovnq@usa.gov,Male,175.0.14.1,Pumaqangtang
856,Jemmie,Olle,jollenr@reddit.com,Female,61.237.215.205,Siteía
857,Catie,Cadd,ccaddns@4shared.com,Female,34.89.161.124,Maydolong
858,Mary,Horrigan,mhorrigannt@meetup.com,Female,190.125.168.235,Wates
859,Cosimo,Oglethorpe,coglethorpenu@thetimes.co.uk,Male,186.2.246.44,Kristinehamn
860,Natalina,Dyment,ndymentnv@bizjournals.com,Female,146.74.226.98,Huangbu
861,Antons,Whelpton,awhelptonnw@wsj.com,Male,245.171.0.212,Olutanga
862,Ganny,Peaddie,gpeaddienx@webs.com,Male,81.110.97.169,Babirik
863,Maribelle,Allbut,mallbutny@spotify.com,Female,245.141.199.144,Sandviken
864,Shawnee,Liggins,sligginsnz@parallels.com,Female,242.101.146.47,Guifeng
865,Nancey,Binks,nbinkso0@gnu.org,Female,157.41.181.189,Jinjiang
866,Karlan,Allom,kallomo1@baidu.com,Male,149.226.105.168,Cut-cut Primero
867,Nadya,Kunrad,nkunrado2@yandex.ru,Female,,
868,Melisenda,Dugget,mduggeto3@ebay.com,Female,,
869,Genevra,Ismirnioglou,gismirnioglouo4@google.co.jp,Female,45.189.52.53,Faleula
870,Leandra,Giuroni,lgiuronio5@cnn.com,Female,,
871,Luce,Scargle,lscargleo6@angelfire.com,Female,,
872,Ash,Melmeth,amelmetho7@miitbeian.gov.cn,Male,43.174.78.24,Presidente Bernardes
873,Ramsey,Saltrese,rsaltreseo8@addtoany.com,Male,12.1.107.118,Zdenci
874,Kevan,Goneau,kgoneauo9@bandcamp.com,Male,80.232.40.177,San Francisco
875,Claiborne,Bodocs,cbodocsoa@indiatimes.com,Male,245.150.181.213,Tha Yang
876,Gaspard,Oliphant,goliphantob@usatoday.com,Male,30.117.104.129,Chornomors’ke
877,Miranda,Mountlow,mmountlowoc@flavors.me,Female,148.29.108.185,Mandera
878,Ewell,Laxen,elaxenod@yelp.com,Male,133.241.142.179,Dahewan
879,Merissa,Gajewski,mgajewskioe@a8.net,Female,,
880,Fernande,Gage,fgageof@sun.com,Female,139.196.90.38,Wuqiao
881,Devland,Baskerville,dbaskervilleog@yahoo.com,Male,144.103.203.20,Pelaya
882,Lusa,Bruyet,lbruyetoh@fema.gov,Female,,
883,Retha,Berzins,rberzinsoi@vk.com,Female,121.65.48.81,Shuinan
884,Malissa,Coggin,mcogginoj@themeforest.net,Female,101.250.158.239,Huangjin
885,Vere,Shark,vsharkok@harvard.edu,Female,26.61.66.166,Dongjia
886,Stesha,Persey,sperseyol@wikimedia.org,Female,,
887,Rodie,Ovell,rovellom@wp.com,Female,65.86.16.57,Souto
888,Joelie,Scotts,jscottson@free.fr,Female,151.66.246.50,Ribeira Seca
889,Alasdair,Simcox,asimcoxoo@yahoo.co.jp,Male,9.98.251.149,Paris 12
890,Hamilton,Doddridge,hdoddridgeop@vimeo.com,Male,11.108.21.183,Armavir
891,Noah,Beckhouse,nbeckhouseoq@youtu.be,Male,140.54.202.161,Dębno
892,Lorin,Mullender,lmullenderor@hugedomains.com,Male,29.223.0.5,Fujieda
893,Marybelle,Baildon,mbaildonos@ycombinator.com,Female,153.105.196.218,Daqiao
894,Emeline,Jakaway,ejakawayot@hugedomains.com,Female,237.115.80.253,Lutou
895,Lanny,Roff,lroffou@zimbio.com,Male,229.101.15.213,Miaoli
896,Garrard,Lampaert,glampaertov@independent.co.uk,Male,65.148.34.48,Pulilan
897,Tanney,Roscher,troscherow@spiegel.de,Male,147.242.234.115,Encrucijada
898,Temp,De Bruijn,tdebruijnox@xinhuanet.com,Male,126.33.35.66,Hedao
899,Pall,Bushel,pbusheloy@paginegialle.it,Male,240.232.49.140,Włoszakowice
900,Guglielmo,Hayhurst,ghayhurstoz@loc.gov,Male,135.85.218.192,Iballë
901,Juliette,Casale,jcasalep0@unc.edu,Female,13.120.81.205,Matsudo
902,Estella,De Malchar,edemalcharp1@tripod.com,Female,175.116.49.203,Sơn Hà
903,Wakefield,Pawle,wpawlep2@over-blog.com,Male,38.105.102.251,Ufa
904,Dianemarie,Matteuzzi,dmatteuzzip3@illinois.edu,Female,230.88.6.37,Xinhua
905,Levy,Boston,lbostonp4@feedburner.com,Male,27.61.131.166,Zouila
906,Osgood,Wesley,owesleyp5@adobe.com,Male,178.11.141.62,Kościelec
907,Tasia,Francescuccio,tfrancescucciop6@pbs.org,Female,,
908,Ulrike,Liven,ulivenp7@yahoo.com,Female,183.12.85.104,Australia Square
909,Amandy,MacCallion,amaccallionp8@goo.gl,Female,68.194.67.74,Sergach
910,Eachelle,Suston,esustonp9@sbwire.com,Female,,
911,Chloris,Acedo,cacedopa@hud.gov,Female,106.181.215.53,Gombang
912,Sibbie,Redit,sreditpb@blogger.com,Female,221.177.222.126,Smederevo
913,Lani,Boothman,lboothmanpc@tmall.com,Female,11.200.209.86,Wesoła
914,Benyamin,Howse,bhowsepd@craigslist.org,Male,49.50.247.197,Yunfeng
915,Willa,Illidge,willidgepe@jimdo.com,Female,39.167.229.183,Zhuangtou
916,Roderic,Enefer,reneferpf@jiathis.com,Male,163.120.181.174,San Francisco
917,Scotty,Millthorpe,smillthorpepg@nbcnews.com,Male,26.254.98.135,Carot
918,Lamond,Harcarse,lharcarseph@dmoz.org,Male,75.67.92.207,Pouso Alegre
919,Eddy,Dockray,edockraypi@usa.gov,Female,135.248.223.128,Los Nogales
920,Paulina,Hudspith,phudspithpj@amazon.co.jp,Female,46.136.73.210,Gbadolite
921,Blithe,Furmonger,bfurmongerpk@telegraph.co.uk,Female,239.136.166.7,Hanbin
922,Tull,Pinke,tpinkepl@slashdot.org,Male,104.9.231.251,Pueblo Nuevo
923,Eliot,Shepley,eshepleypm@wsj.com,Male,125.158.31.254,Ganzi
924,Jacquenette,Brodie,jbrodiepn@desdev.cn,Female,27.16.156.156,Pardubice
925,Barnebas,Everest,beverestpo@multiply.com,Male,249.78.31.63,Mingjiu
926,Fraze,Pocklington,fpocklingtonpp@ox.ac.uk,Male,253.221.36.246,Kharagauli
927,Marrissa,Doveston,mdovestonpq@wp.com,Female,23.48.168.34,Shuikou
928,Gates,Minet,gminetpr@omniture.com,Female,34.145.184.248,Södra Sandby
929,Loy,Bramah,lbramahps@blogger.com,Male,141.226.188.71,Manzini
930,Giustina,Medforth,gmedforthpt@yale.edu,Female,130.187.241.211,Krajan
931,Clemmie,Peniman,cpenimanpu@seattletimes.com,Female,27.152.152.243,Astorga
932,Magdalene,Condon,mcondonpv@cdc.gov,Female,143.143.37.61,Podolí
933,Janot,Cossey,jcosseypw@technorati.com,Female,,
934,Aili,Gooddy,agooddypx@abc.net.au,Female,132.211.122.76,Anaráchi
935,Trevor,Dumbell,tdumbellpy@umich.edu,Male,162.115.171.243,Al Hadā
936,Melba,Sotworth,msotworthpz@google.com.br,Female,206.179.83.201,Suphan Buri
937,Zared,Shwalbe,zshwalbeq0@yandex.ru,Male,106.217.104.224,Mochumí
938,Isidore,Sammon,isammonq1@constantcontact.com,Male,,
939,Licha,Riddington,lriddingtonq2@1und1.de,Female,13.70.50.10,Arranhó
940,Crystal,Dewett,cdewettq3@reddit.com,Female,32.30.21.111,Fray Bentos
941,Emmey,Harcombe,eharcombeq4@theglobeandmail.com,Female,8.218.206.126,Novo Horizonte
942,Saraann,Grichukhanov,sgrichukhanovq5@cisco.com,Female,206.235.195.67,Henggang
943,Chase,Fordham,cfordhamq6@hao123.com,Male,,
944,Babs,Treswell,btreswellq7@odnoklassniki.ru,Female,241.52.64.169,Novki
945,Steve,Feld,sfeldq8@netscape.com,Male,83.254.252.227,Springfield
946,Lorinda,Stanger,lstangerq9@wiley.com,Female,150.103.106.161,Sīnah
947,Tommie,Wilkinson,twilkinsonqa@ezinearticles.com,Male,238.84.153.79,Thatta
948,Joshua,Jerrim,jjerrimqb@hibu.com,Male,208.205.42.48,Calancuasan Norte
949,Yettie,Gatlin,ygatlinqc@psu.edu,Female,188.237.241.26,Nong Ki
950,Tiffanie,Monketon,tmonketonqd@youku.com,Female,245.73.79.186,Thành Phố Hà Giang
951,Hewie,Kynsey,hkynseyqe@dion.ne.jp,Male,181.232.45.8,Haninge
952,Isidro,Stockau,istockauqf@jiathis.com,Male,113.78.211.144,Piracicaba
953,Wang,Roddan,wroddanqg@simplemachines.org,Male,156.255.108.180,Omsukchan
954,Aida,Fiveash,afiveashqh@google.com.hk,Female,111.22.205.3,Salvacion
955,Lynde,Leving,llevingqi@cbsnews.com,Female,97.219.101.234,Volgorechensk
956,Dorolice,Bucktrout,dbucktroutqj@chicagotribune.com,Female,,
957,Koenraad,Tydd,ktyddqk@fda.gov,Male,143.196.131.52,Grenoble
958,Wolfy,Billyard,wbillyardql@earthlink.net,Male,158.162.56.223,Bianba
959,Rudiger,Inwood,rinwoodqm@hp.com,Male,,
960,Del,Johnes,djohnesqn@imgur.com,Male,139.187.238.252,Bécancour
961,Alanah,Harrisson,aharrissonqo@t.co,Female,69.39.177.93,Mahe
962,Urbano,Tyres,utyresqp@mayoclinic.com,Male,240.19.243.20,Ningyang
963,Mariette,Pomphrey,mpomphreyqq@digg.com,Female,218.226.8.108,Bousso
964,Hilda,Simcox,hsimcoxqr@boston.com,Female,236.211.11.79,Lungmar
965,Theresina,Shaw,tshawqs@squidoo.com,Female,205.178.128.252,Tanumshede
966,Leonelle,Hume,lhumeqt@weibo.com,Female,166.206.189.126,Huanchillas
967,Paola,Jefferies,pjefferiesqu@paypal.com,Female,69.56.63.254,Badāmā
968,Russ,Wiper,rwiperqv@usatoday.com,Male,32.241.87.127,Baltiysk
969,Kylynn,Ciric,kciricqw@blog.com,Female,182.27.4.144,Pinggan
970,Joceline,Bronger,jbrongerqx@wikimedia.org,Female,153.240.233.109,Lancaster
971,Gus,Marxsen,gmarxsenqy@imdb.com,Male,110.64.164.189,Port Saint Lucie
972,Kass,Ketteridge,kketteridgeqz@diigo.com,Female,7.19.186.145,Jiagao
973,Jenni,Haythornthwaite,jhaythornthwaiter0@spiegel.de,Female,196.104.254.210,San Vicente
974,Bax,Deverille,bdeveriller1@newsvine.com,Male,,
975,Nathan,Brevitt,nbrevittr2@webs.com,Male,203.40.15.206,Liebu
976,Lefty,Priest,lpriestr3@adobe.com,Male,16.235.124.57,Qarchī Gak
977,Sax,Donahue,sdonahuer4@desdev.cn,Male,25.179.130.32,Sobeok
978,Dita,Adamovich,dadamovichr5@tmall.com,Female,96.60.62.156,Sorochuco
979,Adrea,Cail,acailr6@wufoo.com,Female,37.152.42.191,Amphoe Sikhiu
980,Jobi,Donne,jdonner7@weibo.com,Female,199.89.33.59,Balogo
981,Marshall,Clouston,mcloustonr8@deliciousdays.com,Male,237.204.109.158,Nový Knín
982,Corliss,Cartmale,ccartmaler9@123-reg.co.uk,Female,147.120.20.180,Upton
983,Corabelle,Di Filippo,cdifilippora@163.com,Female,101.107.177.84,Ban Pong
984,Deerdre,Tribe,dtriberb@webmd.com,Female,,
985,Correy,Friday,cfridayrc@senate.gov,Female,21.4.207.209,Santa Catalina
986,Jacinta,Laugheran,jlaugheranrd@lycos.com,Female,179.23.23.18,Linshui
987,Bobbi,Lefever,blefeverre@hud.gov,Female,,
988,Christalle,Andres,candresrf@example.com,Female,242.8.65.246,Richmond
989,Reece,Teece,rteecerg@ocn.ne.jp,Male,187.152.153.120,San Miguel
990,Liam,Martellini,lmartellinirh@hhs.gov,Male,220.121.66.176,Laguna Paiva
991,Timothee,Padfield,tpadfieldri@is.gd,Male,224.102.77.43,Kumla
992,Conn,Kleinplac,ckleinplacrj@abc.net.au,Male,193.39.186.147,Cedynia
993,Ber,Norwell,bnorwellrk@example.com,Male,240.227.173.28,Biyan
994,Amos,Sellick,asellickrl@webs.com,Male,0.92.97.112,Shuangqiaoping
995,Blondell,Sheals,bshealsrm@globo.com,Female,238.133.155.153,Pýrgos
996,Burlie,Vasser,bvasserrn@state.tx.us,Male,23.251.153.9,Ar Ruḩaybah
997,Frants,Matula,fmatularo@usnews.com,Male,53.121.148.116,Longxi
998,Korie,Lindwall,klindwallrp@acquirethisname.com,Female,213.209.91.238,Huai Yot
999,Lonny,Masey,lmaseyrq@google.com.hk,Male,50.255.200.177,Rizal
1000,Carver,Benoi,cbenoirr@marriott.com,Male,34.219.87.3,Santo Tomas
